[2962][1585587057070][requester][info]["EventBus~initialize - Success"]
[2962][1585587057073][requester][info]["Messaging~boot - Success"]
[2962][1585587057106][requester][info]["bootCrashReporter~ Success"]
[2962][1585587057107][requester][info]["Telemetry~boot - Success"]
[2962][1585587057110][requester][info]["bootConfigurations~initialize - Success"]
[2962][1585587057113][requester][info]["Settings~boot - Success"]
[2962][1585587057272][requester][info]["bootstrapModels - Success"]
[2962][1585587057274][requester][info]["WLModels~boot - Success"]
[2962][1585587057376][requester][info]["Session~boot - Success"]
[2962][1585587057381][requester][info]["IndependentServices~boot - Success"]
[2962][1585587057412][requester][info]["AppModels~boot - Success"]
[2962][1585587057412][requester][info]["RuntimeListeners~boot- Success"]
[2962][1585587057413][requester][info]["DBWatcher~boot - Success"]
[2962][1585587057416][requester][info]["ThemeManager~boot - Success"]
[2962][1585587057417][requester][info]["Store~boot - Success"]
[2962][1585587057423][requester][info]["Shortcuts~boot - Success"]
[2962][1585587057423][requester][info]["SyncProxy~boot - Success"]
[2962][1585587057444][requester][info]["NewConsole~boot - Success"]
[2962][1585587057445][requester][info]["APIDevInterface~boot - Success"]
[2962][1585587057455][requester][info]["Updater bailed! Running on Snap!"]
[2962][1585587057476][requester][info]["Requester~boot - Success"]
[2962][1585587057477][requester][info]["booted - requester"]
[2962][1585587057524][requester][warn]["CloudProxyHandler: Error while reading proxy configuration from user data - ",{"errno":-2,"code":"ENOENT","syscall":"open","path":"/home/devasc/snap/postman/103/.config/Postman/Postman_Config/proxy","name":"Error","message":"ENOENT: no such file or directory, open '/home/devasc/snap/postman/103/.config/Postman/Postman_Config/proxy'","stack":"Error: ENOENT: no such file or directory, open '/home/devasc/snap/postman/103/.config/Postman/Postman_Config/proxy'"}]
[2962][1585587060459][requester][info]["SessionValidation - Registering listener"]
[2962][1585587060523][requester][warn]["FeatureFlagsStore~updateFlags: Could not find feature flags",{"error":{"message":"SyncRequestService\\x7erequestListener: Could not fetch from sync. Socket not connected."}}]
[2707][1779400081746][requester][info]["DesktopLocationService ~ init initialized"]
[2707][1779400081753][requester][info]["NavigationService ~ Initialized: Success"]
[2707][1779400081754][requester][info]["initializeNavigation~boot - Success"]
[2707][1779400081760][requester][info]["EventBus~initialize - Success"]
[2707][1779400081760][requester][info]["Messaging~boot - Success"]
[2707][1779400081788][requester][info]["bootCrashReporter~ Success"]
[2707][1779400081789][requester][info]["Telemetry~boot - Success"]
[2707][1779400081790][requester][info]["bootConfigurations~initialize - Success"]
[2707][1779400081798][requester][info]["Settings~boot - Success"]
[2707][1779400081800][requester][info]["Initialize-db~sanitizeInitialMigrationContext: Bailing out"]
[2707][1779400081868][requester][info]["Migrations: Starting migrations"]
[2707][1779400081936][requester][info]["Migrations: Walking migration","0000_initial"]
[2707][1779400081936][requester][info]["Migrations: Walking migration","0001_add_archived_resources_table"]
[2707][1779400081936][requester][info]["Migrations: Walking migration","0002_add_variable_sessions_table"]
[2707][1779400081937][requester][info]["Migrations: Walking migration","0003_add_editor_tables"]
[2707][1779400081937][requester][info]["Migrations: Walking migration","0004_migrate_ws_session_data"]
[2707][1779400081937][requester][info]["Migrations: Walking migration","0005_cleanup_request_response_and_history_body"]
[2707][1779400081937][requester][info]["Migrations: Walking migration","0006_add_dbp_to_request_response_and_history"]
[2707][1779400081937][requester][info]["Migrations: Walking migration","0007_add_sync_client_buckets_by_order_id_table"]
[2707][1779400081937][requester][info]["Migrations: Walking migration","0008_migrate_to_sync_client_buckets_by_order_id"]
[2707][1779400081937][requester][info]["Migrations: Walking migration","0009_remove_sync_client_buckets_table"]
[2707][1779400081937][requester][info]["Migrations: Walking migration","0010_add_history_owner"]
[2707][1779400081937][requester][info]["Migrations: Walking migration","0011_add_history_response_table"]
[2707][1779400081937][requester][info]["Migrations: Walking migration","0012_add_user_data_table"]
[2707][1779400081937][requester][info]["Migrations: Walking migration","0013_sanitize_request_response_and_history_methods"]
[2707][1779400081937][requester][info]["Migrations: Walking migration","0014_sanitize_response_requestobject_rawmodedata"]
[2707][1779400081937][requester][info]["Migrations: Walking migration","0015_add_favorited_collections_table"]
[2707][1779400081937][requester][info]["Migrations: Walking migration","0016_add_permission_table"]
[2707][1779400081937][requester][info]["Migrations: Walking migration","0017_add_user_preferences_table"]
[2707][1779400081937][requester][info]["Migrations: Walking migration","0018_index_header_presets"]
[2707][1779400081938][requester][info]["Migrations: Walking migration","0019_migrate_favorite_collections_data"]
[2707][1779400081938][requester][info]["Migrations: Walking migration","0020_migrate_sync_client_revision"]
[2707][1779400081938][requester][info]["Migrations: Walking migration","0021_clear_permissions"]
[2707][1779400081938][requester][info]["Migrations: Walking migration","0022_add_workspace_header_presets"]
[2707][1779400081938][requester][info]["Migrations: Walking migration","0023_remove_collection_permissions_and_shared"]
[2707][1779400081938][requester][info]["Migrations: Walking migration","0024_add_console_timelines_table"]
[2707][1779400081938][requester][info]["Migrations: Walking migration","0025_add_console_events_table"]
[2707][1779400081938][requester][info]["Migrations: Walking migration","0026_index_console_events"]
[2707][1779400081938][requester][info]["Migrations: Walking migration","0027_add_console_blob_table"]
[2707][1779400081938][requester][info]["Migrations: Walking migration","0028_add_runner_data_table"]
[2707][1779400081938][requester][info]["Migrations: Walking migration","0029_add_api_schema_table"]
[2707][1779400081938][requester][info]["Migrations: Walking migration","0030_migrate_collection_runs"]
[2707][1779400081938][requester][info]["Migrations: Walking migration","0031_add_api_relation_table"]
[2707][1779400081938][requester][info]["Migrations: Walking migration","0032_index_workspacesession_editor"]
[2707][1779400081939][requester][info]["Migrations: Walking migration","0033_add_editor_data_cache_table"]
[2707][1779400081939][requester][info]["Migrations: Walking migration","0034_migrate_editor_data"]
[2707][1779400081939][requester][info]["Migrations: Walking migration","0035_remove_editors_table"]
[2707][1779400081939][requester][info]["Migrations: Walking migration","0036_add_auth_sessions_table"]
[2707][1779400081939][requester][info]["Migrations: Walking migration","0037_add_list_cache_table"]
[2707][1779400081939][requester][info]["Migrations: Walking migration","0038_add_cookies_table"]
[2707][1779400081939][requester][info]["Migrations: Walking migration","0039_add_runtime_preferences_table"]
[2707][1779400081939][requester][info]["Migrations: Walking migration","0040_index_cookies_table"]
[2707][1779400081939][requester][info]["Migrations: Walking migration","0041_update_collections_folder_request_response_with_owner_and_uid"]
[2707][1779400081939][requester][info]["Migrations: Walking migration","0042_migrate_runtime_user_preferences"]
[2707][1779400081939][requester][info]["Migrations: Walking migration","0043_cleanup_launchpad_bootcamp"]
[2707][1779400081939][requester][info]["Migrations: Walking migration","0044_migrate_tab_resource"]
[2707][1779400081939][requester][info]["Migrations: Walking migration","0045_add_runtime_entity_settings_table"]
[2707][1779400081939][requester][info]["Migrations: Walking migration","0046_migrate_responses_order"]
[2707][1779400081939][requester][info]["Migrations: Walking migration","0047_update_api_relation_v2_table_indexes"]
[2707][1779400081939][requester][info]["Migrations: Walking migration","0048_add_session_cookie_table"]
[2707][1779400081940][requester][info]["Migrations: Walking migration","0049_migrate_data_from_file_to_https"]
[2707][1779400081940][requester][info]["Migrations: Walking migration","0050_add_usage_table"]
[2707][1779400081940][requester][info]["Migrations: Walking migration","0051_add_collection_usage_table"]
[2707][1779400081940][requester][info]["Migrations: Walking migration","0052_add_ecitem_history_table"]
[2707][1779400081940][requester][info]["Migrations: Walking migration","0053_add_timestamp_runner_blob"]
[2707][1779400081940][requester][info]["Migrations: Walking migration","0054_encrypt_values_of_variable_sessions_table"]
[2707][1779400081940][requester][info]["Migrations: Walking migration","0055_encrypt_buffers_of_editor_models_table"]
[2707][1779400081940][requester][info]["Migrations: Starting migration","0000_initial"]
[2707][1779400081941][requester][info]["Migrations: Bailing out migration, because it is finished","0000_initial"]
[2707][1779400081941][requester][info]["Migrations: Starting migration","0001_add_archived_resources_table"]
[2707][1779400081941][requester][info]["Migrations: Bailing out migration, because it is finished","0001_add_archived_resources_table"]
[2707][1779400081941][requester][info]["Migrations: Starting migration","0002_add_variable_sessions_table"]
[2707][1779400081941][requester][info]["Migrations: Bailing out migration, because it is finished","0002_add_variable_sessions_table"]
[2707][1779400081941][requester][info]["Migrations: Starting migration","0003_add_editor_tables"]
[2707][1779400081941][requester][info]["Migrations: Bailing out migration, because it is finished","0003_add_editor_tables"]
[2707][1779400081941][requester][info]["Migrations: Starting migration","0004_migrate_ws_session_data"]
[2707][1779400081941][requester][info]["Migrations: Bailing out migration, because it is finished","0004_migrate_ws_session_data"]
[2707][1779400081941][requester][info]["Migrations: Starting migration","0005_cleanup_request_response_and_history_body"]
[2707][1779400081941][requester][info]["Migrations: Bailing out migration, because it is finished","0005_cleanup_request_response_and_history_body"]
[2707][1779400081941][requester][info]["Migrations: Starting migration","0006_add_dbp_to_request_response_and_history"]
[2707][1779400081941][requester][info]["Migrations: Bailing out migration, because it is finished","0006_add_dbp_to_request_response_and_history"]
[2707][1779400081941][requester][info]["Migrations: Starting migration","0007_add_sync_client_buckets_by_order_id_table"]
[2707][1779400081941][requester][info]["Migrations: Bailing out migration, because it is finished","0007_add_sync_client_buckets_by_order_id_table"]
[2707][1779400081941][requester][info]["Migrations: Starting migration","0008_migrate_to_sync_client_buckets_by_order_id"]
[2707][1779400081942][requester][info]["Migrations: Bailing out migration, because it is finished","0008_migrate_to_sync_client_buckets_by_order_id"]
[2707][1779400081942][requester][info]["Migrations: Starting migration","0009_remove_sync_client_buckets_table"]
[2707][1779400081942][requester][info]["Migrations: Bailing out migration, because it is finished","0009_remove_sync_client_buckets_table"]
[2707][1779400081942][requester][info]["Migrations: Starting migration","0010_add_history_owner"]
[2707][1779400081942][requester][info]["Migrations: Bailing out migration, because it is finished","0010_add_history_owner"]
[2707][1779400081942][requester][info]["Migrations: Starting migration","0011_add_history_response_table"]
[2707][1779400081942][requester][info]["Migrations: Bailing out migration, because it is finished","0011_add_history_response_table"]
[2707][1779400081942][requester][info]["Migrations: Starting migration","0012_add_user_data_table"]
[2707][1779400081950][requester][info]["Migrations: Bailing out migration, because it is finished","0012_add_user_data_table"]
[2707][1779400081951][requester][info]["Migrations: Starting migration","0013_sanitize_request_response_and_history_methods"]
[2707][1779400081951][requester][info]["Migrations: Bailing out migration, because it is finished","0013_sanitize_request_response_and_history_methods"]
[2707][1779400081951][requester][info]["Migrations: Starting migration","0014_sanitize_response_requestobject_rawmodedata"]
[2707][1779400081951][requester][info]["Migrations: Bailing out migration, because it is finished","0014_sanitize_response_requestobject_rawmodedata"]
[2707][1779400081951][requester][info]["Migrations: Starting migration","0015_add_favorited_collections_table"]
[2707][1779400081951][requester][info]["Migrations: Bailing out migration, because it is finished","0015_add_favorited_collections_table"]
[2707][1779400081951][requester][info]["Migrations: Starting migration","0016_add_permission_table"]
[2707][1779400081951][requester][info]["Migrations: Bailing out migration, because it is finished","0016_add_permission_table"]
[2707][1779400081951][requester][info]["Migrations: Starting migration","0017_add_user_preferences_table"]
[2707][1779400081951][requester][info]["Migrations: Bailing out migration, because it is finished","0017_add_user_preferences_table"]
[2707][1779400081952][requester][info]["Migrations: Starting migration","0018_index_header_presets"]
[2707][1779400081952][requester][info]["Migrations: Bailing out migration, because it is finished","0018_index_header_presets"]
[2707][1779400081952][requester][info]["Migrations: Starting migration","0019_migrate_favorite_collections_data"]
[2707][1779400081952][requester][info]["Migrations: Bailing out migration, because it is finished","0019_migrate_favorite_collections_data"]
[2707][1779400081952][requester][info]["Migrations: Starting migration","0020_migrate_sync_client_revision"]
[2707][1779400081952][requester][info]["Migrations: Bailing out migration, because it is finished","0020_migrate_sync_client_revision"]
[2707][1779400081952][requester][info]["Migrations: Starting migration","0021_clear_permissions"]
[2707][1779400081952][requester][info]["Migrations: Bailing out migration, because it is finished","0021_clear_permissions"]
[2707][1779400081952][requester][info]["Migrations: Starting migration","0022_add_workspace_header_presets"]
[2707][1779400081952][requester][info]["Migrations: Bailing out migration, because it is finished","0022_add_workspace_header_presets"]
[2707][1779400081952][requester][info]["Migrations: Starting migration","0023_remove_collection_permissions_and_shared"]
[2707][1779400081953][requester][info]["Migrations: Bailing out migration, because it is finished","0023_remove_collection_permissions_and_shared"]
[2707][1779400081953][requester][info]["Migrations: Starting migration","0024_add_console_timelines_table"]
[2707][1779400081953][requester][info]["Migrations: Bailing out migration, because it is finished","0024_add_console_timelines_table"]
[2707][1779400081953][requester][info]["Migrations: Starting migration","0025_add_console_events_table"]
[2707][1779400081953][requester][info]["Migrations: Bailing out migration, because it is finished","0025_add_console_events_table"]
[2707][1779400081953][requester][info]["Migrations: Starting migration","0026_index_console_events"]
[2707][1779400081953][requester][info]["Migrations: Bailing out migration, because it is finished","0026_index_console_events"]
[2707][1779400081953][requester][info]["Migrations: Starting migration","0027_add_console_blob_table"]
[2707][1779400081953][requester][info]["Migrations: Bailing out migration, because it is finished","0027_add_console_blob_table"]
[2707][1779400081954][requester][info]["Migrations: Starting migration","0028_add_runner_data_table"]
[2707][1779400081954][requester][info]["Migrations: Bailing out migration, because it is finished","0028_add_runner_data_table"]
[2707][1779400081954][requester][info]["Migrations: Starting migration","0029_add_api_schema_table"]
[2707][1779400081954][requester][info]["Migrations: Bailing out migration, because it is finished","0029_add_api_schema_table"]
[2707][1779400081954][requester][info]["Migrations: Starting migration","0030_migrate_collection_runs"]
[2707][1779400081954][requester][info]["Migrations: Bailing out migration, because it is finished","0030_migrate_collection_runs"]
[2707][1779400081954][requester][info]["Migrations: Starting migration","0031_add_api_relation_table"]
[2707][1779400081954][requester][info]["Migrations: Bailing out migration, because it is finished","0031_add_api_relation_table"]
[2707][1779400081954][requester][info]["Migrations: Starting migration","0032_index_workspacesession_editor"]
[2707][1779400081954][requester][info]["Migrations: Bailing out migration, because it is finished","0032_index_workspacesession_editor"]
[2707][1779400081954][requester][info]["Migrations: Starting migration","0033_add_editor_data_cache_table"]
[2707][1779400081954][requester][info]["Migrations: Bailing out migration, because it is finished","0033_add_editor_data_cache_table"]
[2707][1779400081954][requester][info]["Migrations: Starting migration","0034_migrate_editor_data"]
[2707][1779400081955][requester][info]["Migrations: Flushing pending migrations for","0034_migrate_editor_data"]
[2707][1779400081955][requester][info]["Migrations: Updating status in migration context",{"0000_initial":"finished","0001_add_archived_resources_table":"finished","0002_add_variable_sessions_table":"finished","0003_add_editor_tables":"finished","0004_migrate_ws_session_data":"finished","0005_cleanup_request_response_and_history_body":"finished","0006_add_dbp_to_request_response_and_history":"finished","0007_add_sync_client_buckets_by_order_id_table":"finished","0008_migrate_to_sync_client_buckets_by_order_id":"finished","0009_remove_sync_client_buckets_table":"finished","0010_add_history_owner":"finished","0011_add_history_response_table":"finished","0012_add_user_data_table":"finished","0013_sanitize_request_response_and_history_methods":"finished","0014_sanitize_response_requestobject_rawmodedata":"finished","0015_add_favorited_collections_table":"finished","0016_add_permission_table":"finished","0017_add_user_preferences_table":"finished","0018_index_header_presets":"finished","0019_migrate_favorite_collections_data":"finished","0020_migrate_sync_client_revision":"finished","0021_clear_permissions":"finished","0022_add_workspace_header_presets":"finished","0023_remove_collection_permissions_and_shared":"finished","0024_add_console_timelines_table":"finished","0025_add_console_events_table":"finished","0026_index_console_events":"finished","0027_add_console_blob_table":"finished","0028_add_runner_data_table":"finished","0029_add_api_schema_table":"finished","0030_migrate_collection_runs":"finished","0031_add_api_relation_table":"finished","0032_index_workspacesession_editor":"finished","0033_add_editor_data_cache_table":"finished"}]
[2707][1779400081955][requester][info]["Migrations: Updated status in migration context",{"0000_initial":"finished","0001_add_archived_resources_table":"finished","0002_add_variable_sessions_table":"finished","0003_add_editor_tables":"finished","0004_migrate_ws_session_data":"finished","0005_cleanup_request_response_and_history_body":"finished","0006_add_dbp_to_request_response_and_history":"finished","0007_add_sync_client_buckets_by_order_id_table":"finished","0008_migrate_to_sync_client_buckets_by_order_id":"finished","0009_remove_sync_client_buckets_table":"finished","0010_add_history_owner":"finished","0011_add_history_response_table":"finished","0012_add_user_data_table":"finished","0013_sanitize_request_response_and_history_methods":"finished","0014_sanitize_response_requestobject_rawmodedata":"finished","0015_add_favorited_collections_table":"finished","0016_add_permission_table":"finished","0017_add_user_preferences_table":"finished","0018_index_header_presets":"finished","0019_migrate_favorite_collections_data":"finished","0020_migrate_sync_client_revision":"finished","0021_clear_permissions":"finished","0022_add_workspace_header_presets":"finished","0023_remove_collection_permissions_and_shared":"finished","0024_add_console_timelines_table":"finished","0025_add_console_events_table":"finished","0026_index_console_events":"finished","0027_add_console_blob_table":"finished","0028_add_runner_data_table":"finished","0029_add_api_schema_table":"finished","0030_migrate_collection_runs":"finished","0031_add_api_relation_table":"finished","0032_index_workspacesession_editor":"finished","0033_add_editor_data_cache_table":"finished"}]
[2707][1779400081956][requester][info]["Migrations: Setting context before starting migration","0034_migrate_editor_data",{"0000_initial":"finished","0001_add_archived_resources_table":"finished","0002_add_variable_sessions_table":"finished","0003_add_editor_tables":"finished","0004_migrate_ws_session_data":"finished","0005_cleanup_request_response_and_history_body":"finished","0006_add_dbp_to_request_response_and_history":"finished","0007_add_sync_client_buckets_by_order_id_table":"finished","0008_migrate_to_sync_client_buckets_by_order_id":"finished","0009_remove_sync_client_buckets_table":"finished","0010_add_history_owner":"finished","0011_add_history_response_table":"finished","0012_add_user_data_table":"finished","0013_sanitize_request_response_and_history_methods":"finished","0014_sanitize_response_requestobject_rawmodedata":"finished","0015_add_favorited_collections_table":"finished","0016_add_permission_table":"finished","0017_add_user_preferences_table":"finished","0018_index_header_presets":"finished","0019_migrate_favorite_collections_data":"finished","0020_migrate_sync_client_revision":"finished","0021_clear_permissions":"finished","0022_add_workspace_header_presets":"finished","0023_remove_collection_permissions_and_shared":"finished","0024_add_console_timelines_table":"finished","0025_add_console_events_table":"finished","0026_index_console_events":"finished","0027_add_console_blob_table":"finished","0028_add_runner_data_table":"finished","0029_add_api_schema_table":"finished","0030_migrate_collection_runs":"finished","0031_add_api_relation_table":"finished","0032_index_workspacesession_editor":"finished","0033_add_editor_data_cache_table":"finished","0034_migrate_editor_data":"started"}]
[2707][1779400081956][requester][info]["Migrations: Applying migration","0034_migrate_editor_data"]
[2707][1779400081956][requester][info]["Migrations: Processing IndexedDB data migration","0034_migrate_editor_data"]
[2707][1779400081969][requester][info]["Migration~EditorsData: Migrating editors data"]
[2707][1779400081975][requester][info]["Migrations: Saving migration context after completion","0034_migrate_editor_data",{"0000_initial":"finished","0001_add_archived_resources_table":"finished","0002_add_variable_sessions_table":"finished","0003_add_editor_tables":"finished","0004_migrate_ws_session_data":"finished","0005_cleanup_request_response_and_history_body":"finished","0006_add_dbp_to_request_response_and_history":"finished","0007_add_sync_client_buckets_by_order_id_table":"finished","0008_migrate_to_sync_client_buckets_by_order_id":"finished","0009_remove_sync_client_buckets_table":"finished","0010_add_history_owner":"finished","0011_add_history_response_table":"finished","0012_add_user_data_table":"finished","0013_sanitize_request_response_and_history_methods":"finished","0014_sanitize_response_requestobject_rawmodedata":"finished","0015_add_favorited_collections_table":"finished","0016_add_permission_table":"finished","0017_add_user_preferences_table":"finished","0018_index_header_presets":"finished","0019_migrate_favorite_collections_data":"finished","0020_migrate_sync_client_revision":"finished","0021_clear_permissions":"finished","0022_add_workspace_header_presets":"finished","0023_remove_collection_permissions_and_shared":"finished","0024_add_console_timelines_table":"finished","0025_add_console_events_table":"finished","0026_index_console_events":"finished","0027_add_console_blob_table":"finished","0028_add_runner_data_table":"finished","0029_add_api_schema_table":"finished","0030_migrate_collection_runs":"finished","0031_add_api_relation_table":"finished","0032_index_workspacesession_editor":"finished","0033_add_editor_data_cache_table":"finished","0034_migrate_editor_data":"started"}]
[2707][1779400081975][requester][info]["Migrations: Starting migration","0035_remove_editors_table"]
[2707][1779400081975][requester][info]["Migrations: Setting context before starting migration","0035_remove_editors_table",{"0000_initial":"finished","0001_add_archived_resources_table":"finished","0002_add_variable_sessions_table":"finished","0003_add_editor_tables":"finished","0004_migrate_ws_session_data":"finished","0005_cleanup_request_response_and_history_body":"finished","0006_add_dbp_to_request_response_and_history":"finished","0007_add_sync_client_buckets_by_order_id_table":"finished","0008_migrate_to_sync_client_buckets_by_order_id":"finished","0009_remove_sync_client_buckets_table":"finished","0010_add_history_owner":"finished","0011_add_history_response_table":"finished","0012_add_user_data_table":"finished","0013_sanitize_request_response_and_history_methods":"finished","0014_sanitize_response_requestobject_rawmodedata":"finished","0015_add_favorited_collections_table":"finished","0016_add_permission_table":"finished","0017_add_user_preferences_table":"finished","0018_index_header_presets":"finished","0019_migrate_favorite_collections_data":"finished","0020_migrate_sync_client_revision":"finished","0021_clear_permissions":"finished","0022_add_workspace_header_presets":"finished","0023_remove_collection_permissions_and_shared":"finished","0024_add_console_timelines_table":"finished","0025_add_console_events_table":"finished","0026_index_console_events":"finished","0027_add_console_blob_table":"finished","0028_add_runner_data_table":"finished","0029_add_api_schema_table":"finished","0030_migrate_collection_runs":"finished","0031_add_api_relation_table":"finished","0032_index_workspacesession_editor":"finished","0033_add_editor_data_cache_table":"finished","0034_migrate_editor_data":"finished","0035_remove_editors_table":"started"}]
[2707][1779400081976][requester][info]["Migrations: Applying migration","0035_remove_editors_table"]
[2707][1779400081976][requester][info]["Migrations: Upgrading IndexedDB to version","0035_remove_editors_table",22]
[2707][1779400081977][requester][info]["Migrations: Adding pending commit to queue","0035_remove_editors_table"]
[2707][1779400081977][requester][info]["Migrations: Starting migration","0036_add_auth_sessions_table"]
[2707][1779400081977][requester][info]["Migrations: Setting context before starting migration","0036_add_auth_sessions_table",{"0000_initial":"finished","0001_add_archived_resources_table":"finished","0002_add_variable_sessions_table":"finished","0003_add_editor_tables":"finished","0004_migrate_ws_session_data":"finished","0005_cleanup_request_response_and_history_body":"finished","0006_add_dbp_to_request_response_and_history":"finished","0007_add_sync_client_buckets_by_order_id_table":"finished","0008_migrate_to_sync_client_buckets_by_order_id":"finished","0009_remove_sync_client_buckets_table":"finished","0010_add_history_owner":"finished","0011_add_history_response_table":"finished","0012_add_user_data_table":"finished","0013_sanitize_request_response_and_history_methods":"finished","0014_sanitize_response_requestobject_rawmodedata":"finished","0015_add_favorited_collections_table":"finished","0016_add_permission_table":"finished","0017_add_user_preferences_table":"finished","0018_index_header_presets":"finished","0019_migrate_favorite_collections_data":"finished","0020_migrate_sync_client_revision":"finished","0021_clear_permissions":"finished","0022_add_workspace_header_presets":"finished","0023_remove_collection_permissions_and_shared":"finished","0024_add_console_timelines_table":"finished","0025_add_console_events_table":"finished","0026_index_console_events":"finished","0027_add_console_blob_table":"finished","0028_add_runner_data_table":"finished","0029_add_api_schema_table":"finished","0030_migrate_collection_runs":"finished","0031_add_api_relation_table":"finished","0032_index_workspacesession_editor":"finished","0033_add_editor_data_cache_table":"finished","0034_migrate_editor_data":"finished","0035_remove_editors_table":"started","0036_add_auth_sessions_table":"started"}]
[2707][1779400081977][requester][info]["Migrations: Applying migration","0036_add_auth_sessions_table"]
[2707][1779400081977][requester][info]["Migrations: Upgrading IndexedDB to version","0036_add_auth_sessions_table",23]
[2707][1779400081978][requester][info]["Migrations: Adding pending commit to queue","0036_add_auth_sessions_table"]
[2707][1779400081978][requester][info]["Migrations: Starting migration","0037_add_list_cache_table"]
[2707][1779400081978][requester][info]["Migrations: Setting context before starting migration","0037_add_list_cache_table",{"0000_initial":"finished","0001_add_archived_resources_table":"finished","0002_add_variable_sessions_table":"finished","0003_add_editor_tables":"finished","0004_migrate_ws_session_data":"finished","0005_cleanup_request_response_and_history_body":"finished","0006_add_dbp_to_request_response_and_history":"finished","0007_add_sync_client_buckets_by_order_id_table":"finished","0008_migrate_to_sync_client_buckets_by_order_id":"finished","0009_remove_sync_client_buckets_table":"finished","0010_add_history_owner":"finished","0011_add_history_response_table":"finished","0012_add_user_data_table":"finished","0013_sanitize_request_response_and_history_methods":"finished","0014_sanitize_response_requestobject_rawmodedata":"finished","0015_add_favorited_collections_table":"finished","0016_add_permission_table":"finished","0017_add_user_preferences_table":"finished","0018_index_header_presets":"finished","0019_migrate_favorite_collections_data":"finished","0020_migrate_sync_client_revision":"finished","0021_clear_permissions":"finished","0022_add_workspace_header_presets":"finished","0023_remove_collection_permissions_and_shared":"finished","0024_add_console_timelines_table":"finished","0025_add_console_events_table":"finished","0026_index_console_events":"finished","0027_add_console_blob_table":"finished","0028_add_runner_data_table":"finished","0029_add_api_schema_table":"finished","0030_migrate_collection_runs":"finished","0031_add_api_relation_table":"finished","0032_index_workspacesession_editor":"finished","0033_add_editor_data_cache_table":"finished","0034_migrate_editor_data":"finished","0035_remove_editors_table":"started","0036_add_auth_sessions_table":"started","0037_add_list_cache_table":"started"}]
[2707][1779400081978][requester][info]["Migrations: Applying migration","0037_add_list_cache_table"]
[2707][1779400081979][requester][info]["Migrations: Upgrading IndexedDB to version","0037_add_list_cache_table",24]
[2707][1779400081979][requester][info]["Migrations: Adding pending commit to queue","0037_add_list_cache_table"]
[2707][1779400081980][requester][info]["Migrations: Starting migration","0038_add_cookies_table"]
[2707][1779400081980][requester][info]["Migrations: Setting context before starting migration","0038_add_cookies_table",{"0000_initial":"finished","0001_add_archived_resources_table":"finished","0002_add_variable_sessions_table":"finished","0003_add_editor_tables":"finished","0004_migrate_ws_session_data":"finished","0005_cleanup_request_response_and_history_body":"finished","0006_add_dbp_to_request_response_and_history":"finished","0007_add_sync_client_buckets_by_order_id_table":"finished","0008_migrate_to_sync_client_buckets_by_order_id":"finished","0009_remove_sync_client_buckets_table":"finished","0010_add_history_owner":"finished","0011_add_history_response_table":"finished","0012_add_user_data_table":"finished","0013_sanitize_request_response_and_history_methods":"finished","0014_sanitize_response_requestobject_rawmodedata":"finished","0015_add_favorited_collections_table":"finished","0016_add_permission_table":"finished","0017_add_user_preferences_table":"finished","0018_index_header_presets":"finished","0019_migrate_favorite_collections_data":"finished","0020_migrate_sync_client_revision":"finished","0021_clear_permissions":"finished","0022_add_workspace_header_presets":"finished","0023_remove_collection_permissions_and_shared":"finished","0024_add_console_timelines_table":"finished","0025_add_console_events_table":"finished","0026_index_console_events":"finished","0027_add_console_blob_table":"finished","0028_add_runner_data_table":"finished","0029_add_api_schema_table":"finished","0030_migrate_collection_runs":"finished","0031_add_api_relation_table":"finished","0032_index_workspacesession_editor":"finished","0033_add_editor_data_cache_table":"finished","0034_migrate_editor_data":"finished","0035_remove_editors_table":"started","0036_add_auth_sessions_table":"started","0037_add_list_cache_table":"started","0038_add_cookies_table":"started"}]
[2707][1779400081980][requester][info]["Migrations: Applying migration","0038_add_cookies_table"]
[2707][1779400081980][requester][info]["Migrations: Upgrading IndexedDB to version","0038_add_cookies_table",25]
[2707][1779400081981][requester][info]["Migrations: Adding pending commit to queue","0038_add_cookies_table"]
[2707][1779400081982][requester][info]["Migrations: Starting migration","0039_add_runtime_preferences_table"]
[2707][1779400081982][requester][info]["Migrations: Setting context before starting migration","0039_add_runtime_preferences_table",{"0000_initial":"finished","0001_add_archived_resources_table":"finished","0002_add_variable_sessions_table":"finished","0003_add_editor_tables":"finished","0004_migrate_ws_session_data":"finished","0005_cleanup_request_response_and_history_body":"finished","0006_add_dbp_to_request_response_and_history":"finished","0007_add_sync_client_buckets_by_order_id_table":"finished","0008_migrate_to_sync_client_buckets_by_order_id":"finished","0009_remove_sync_client_buckets_table":"finished","0010_add_history_owner":"finished","0011_add_history_response_table":"finished","0012_add_user_data_table":"finished","0013_sanitize_request_response_and_history_methods":"finished","0014_sanitize_response_requestobject_rawmodedata":"finished","0015_add_favorited_collections_table":"finished","0016_add_permission_table":"finished","0017_add_user_preferences_table":"finished","0018_index_header_presets":"finished","0019_migrate_favorite_collections_data":"finished","0020_migrate_sync_client_revision":"finished","0021_clear_permissions":"finished","0022_add_workspace_header_presets":"finished","0023_remove_collection_permissions_and_shared":"finished","0024_add_console_timelines_table":"finished","0025_add_console_events_table":"finished","0026_index_console_events":"finished","0027_add_console_blob_table":"finished","0028_add_runner_data_table":"finished","0029_add_api_schema_table":"finished","0030_migrate_collection_runs":"finished","0031_add_api_relation_table":"finished","0032_index_workspacesession_editor":"finished","0033_add_editor_data_cache_table":"finished","0034_migrate_editor_data":"finished","0035_remove_editors_table":"started","0036_add_auth_sessions_table":"started","0037_add_list_cache_table":"started","0038_add_cookies_table":"started","0039_add_runtime_preferences_table":"started"}]
[2707][1779400081982][requester][info]["Migrations: Applying migration","0039_add_runtime_preferences_table"]
[2707][1779400081982][requester][info]["Migrations: Upgrading IndexedDB to version","0039_add_runtime_preferences_table",26]
[2707][1779400081983][requester][info]["Migrations: Adding pending commit to queue","0039_add_runtime_preferences_table"]
[2707][1779400081983][requester][info]["Migrations: Starting migration","0040_index_cookies_table"]
[2707][1779400081983][requester][info]["Migrations: Setting context before starting migration","0040_index_cookies_table",{"0000_initial":"finished","0001_add_archived_resources_table":"finished","0002_add_variable_sessions_table":"finished","0003_add_editor_tables":"finished","0004_migrate_ws_session_data":"finished","0005_cleanup_request_response_and_history_body":"finished","0006_add_dbp_to_request_response_and_history":"finished","0007_add_sync_client_buckets_by_order_id_table":"finished","0008_migrate_to_sync_client_buckets_by_order_id":"finished","0009_remove_sync_client_buckets_table":"finished","0010_add_history_owner":"finished","0011_add_history_response_table":"finished","0012_add_user_data_table":"finished","0013_sanitize_request_response_and_history_methods":"finished","0014_sanitize_response_requestobject_rawmodedata":"finished","0015_add_favorited_collections_table":"finished","0016_add_permission_table":"finished","0017_add_user_preferences_table":"finished","0018_index_header_presets":"finished","0019_migrate_favorite_collections_data":"finished","0020_migrate_sync_client_revision":"finished","0021_clear_permissions":"finished","0022_add_workspace_header_presets":"finished","0023_remove_collection_permissions_and_shared":"finished","0024_add_console_timelines_table":"finished","0025_add_console_events_table":"finished","0026_index_console_events":"finished","0027_add_console_blob_table":"finished","0028_add_runner_data_table":"finished","0029_add_api_schema_table":"finished","0030_migrate_collection_runs":"finished","0031_add_api_relation_table":"finished","0032_index_workspacesession_editor":"finished","0033_add_editor_data_cache_table":"finished","0034_migrate_editor_data":"finished","0035_remove_editors_table":"started","0036_add_auth_sessions_table":"started","0037_add_list_cache_table":"started","0038_add_cookies_table":"started","0039_add_runtime_preferences_table":"started","0040_index_cookies_table":"started"}]
[2707][1779400081983][requester][info]["Migrations: Applying migration","0040_index_cookies_table"]
[2707][1779400081985][requester][info]["Migrations: Upgrading IndexedDB to version","0040_index_cookies_table",27]
[2707][1779400081991][requester][info]["Migrations: Adding pending commit to queue","0040_index_cookies_table"]
[2707][1779400081991][requester][info]["Migrations: Starting migration","0041_update_collections_folder_request_response_with_owner_and_uid"]
[2707][1779400081991][requester][info]["Migrations: Flushing pending migrations for","0041_update_collections_folder_request_response_with_owner_and_uid"]
[2707][1779400081991][requester][info]["Migrations: Flushing pending commit for type","IndexeddbSchemaMigration"]
[2707][1779400081991][requester][info]["Migrations: Committing IndexedDB upgrade"]
[2707][1779400082011][requester][info]["Migrations: Updating status in migration context",{"0000_initial":"finished","0001_add_archived_resources_table":"finished","0002_add_variable_sessions_table":"finished","0003_add_editor_tables":"finished","0004_migrate_ws_session_data":"finished","0005_cleanup_request_response_and_history_body":"finished","0006_add_dbp_to_request_response_and_history":"finished","0007_add_sync_client_buckets_by_order_id_table":"finished","0008_migrate_to_sync_client_buckets_by_order_id":"finished","0009_remove_sync_client_buckets_table":"finished","0010_add_history_owner":"finished","0011_add_history_response_table":"finished","0012_add_user_data_table":"finished","0013_sanitize_request_response_and_history_methods":"finished","0014_sanitize_response_requestobject_rawmodedata":"finished","0015_add_favorited_collections_table":"finished","0016_add_permission_table":"finished","0017_add_user_preferences_table":"finished","0018_index_header_presets":"finished","0019_migrate_favorite_collections_data":"finished","0020_migrate_sync_client_revision":"finished","0021_clear_permissions":"finished","0022_add_workspace_header_presets":"finished","0023_remove_collection_permissions_and_shared":"finished","0024_add_console_timelines_table":"finished","0025_add_console_events_table":"finished","0026_index_console_events":"finished","0027_add_console_blob_table":"finished","0028_add_runner_data_table":"finished","0029_add_api_schema_table":"finished","0030_migrate_collection_runs":"finished","0031_add_api_relation_table":"finished","0032_index_workspacesession_editor":"finished","0033_add_editor_data_cache_table":"finished","0034_migrate_editor_data":"finished","0035_remove_editors_table":"started","0036_add_auth_sessions_table":"started","0037_add_list_cache_table":"started","0038_add_cookies_table":"started","0039_add_runtime_preferences_table":"started","0040_index_cookies_table":"started"}]
[2707][1779400082012][requester][info]["Migrations: Updated status in migration context",{"0000_initial":"finished","0001_add_archived_resources_table":"finished","0002_add_variable_sessions_table":"finished","0003_add_editor_tables":"finished","0004_migrate_ws_session_data":"finished","0005_cleanup_request_response_and_history_body":"finished","0006_add_dbp_to_request_response_and_history":"finished","0007_add_sync_client_buckets_by_order_id_table":"finished","0008_migrate_to_sync_client_buckets_by_order_id":"finished","0009_remove_sync_client_buckets_table":"finished","0010_add_history_owner":"finished","0011_add_history_response_table":"finished","0012_add_user_data_table":"finished","0013_sanitize_request_response_and_history_methods":"finished","0014_sanitize_response_requestobject_rawmodedata":"finished","0015_add_favorited_collections_table":"finished","0016_add_permission_table":"finished","0017_add_user_preferences_table":"finished","0018_index_header_presets":"finished","0019_migrate_favorite_collections_data":"finished","0020_migrate_sync_client_revision":"finished","0021_clear_permissions":"finished","0022_add_workspace_header_presets":"finished","0023_remove_collection_permissions_and_shared":"finished","0024_add_console_timelines_table":"finished","0025_add_console_events_table":"finished","0026_index_console_events":"finished","0027_add_console_blob_table":"finished","0028_add_runner_data_table":"finished","0029_add_api_schema_table":"finished","0030_migrate_collection_runs":"finished","0031_add_api_relation_table":"finished","0032_index_workspacesession_editor":"finished","0033_add_editor_data_cache_table":"finished","0034_migrate_editor_data":"finished","0035_remove_editors_table":"finished","0036_add_auth_sessions_table":"finished","0037_add_list_cache_table":"finished","0038_add_cookies_table":"finished","0039_add_runtime_preferences_table":"finished","0040_index_cookies_table":"finished"}]
[2707][1779400082012][requester][info]["Migrations: Setting context before starting migration","0041_update_collections_folder_request_response_with_owner_and_uid",{"0000_initial":"finished","0001_add_archived_resources_table":"finished","0002_add_variable_sessions_table":"finished","0003_add_editor_tables":"finished","0004_migrate_ws_session_data":"finished","0005_cleanup_request_response_and_history_body":"finished","0006_add_dbp_to_request_response_and_history":"finished","0007_add_sync_client_buckets_by_order_id_table":"finished","0008_migrate_to_sync_client_buckets_by_order_id":"finished","0009_remove_sync_client_buckets_table":"finished","0010_add_history_owner":"finished","0011_add_history_response_table":"finished","0012_add_user_data_table":"finished","0013_sanitize_request_response_and_history_methods":"finished","0014_sanitize_response_requestobject_rawmodedata":"finished","0015_add_favorited_collections_table":"finished","0016_add_permission_table":"finished","0017_add_user_preferences_table":"finished","0018_index_header_presets":"finished","0019_migrate_favorite_collections_data":"finished","0020_migrate_sync_client_revision":"finished","0021_clear_permissions":"finished","0022_add_workspace_header_presets":"finished","0023_remove_collection_permissions_and_shared":"finished","0024_add_console_timelines_table":"finished","0025_add_console_events_table":"finished","0026_index_console_events":"finished","0027_add_console_blob_table":"finished","0028_add_runner_data_table":"finished","0029_add_api_schema_table":"finished","0030_migrate_collection_runs":"finished","0031_add_api_relation_table":"finished","0032_index_workspacesession_editor":"finished","0033_add_editor_data_cache_table":"finished","0034_migrate_editor_data":"finished","0035_remove_editors_table":"finished","0036_add_auth_sessions_table":"finished","0037_add_list_cache_table":"finished","0038_add_cookies_table":"finished","0039_add_runtime_preferences_table":"finished","0040_index_cookies_table":"finished","0041_update_collections_folder_request_response_with_owner_and_uid":"started"}]
[2707][1779400082012][requester][info]["Migrations: Applying migration","0041_update_collections_folder_request_response_with_owner_and_uid"]
[2707][1779400082012][requester][info]["Migrations: Processing IndexedDB data migration","0041_update_collections_folder_request_response_with_owner_and_uid"]
[2707][1779400082018][requester][info]["Migrations: Saving migration context after completion","0041_update_collections_folder_request_response_with_owner_and_uid",{"0000_initial":"finished","0001_add_archived_resources_table":"finished","0002_add_variable_sessions_table":"finished","0003_add_editor_tables":"finished","0004_migrate_ws_session_data":"finished","0005_cleanup_request_response_and_history_body":"finished","0006_add_dbp_to_request_response_and_history":"finished","0007_add_sync_client_buckets_by_order_id_table":"finished","0008_migrate_to_sync_client_buckets_by_order_id":"finished","0009_remove_sync_client_buckets_table":"finished","0010_add_history_owner":"finished","0011_add_history_response_table":"finished","0012_add_user_data_table":"finished","0013_sanitize_request_response_and_history_methods":"finished","0014_sanitize_response_requestobject_rawmodedata":"finished","0015_add_favorited_collections_table":"finished","0016_add_permission_table":"finished","0017_add_user_preferences_table":"finished","0018_index_header_presets":"finished","0019_migrate_favorite_collections_data":"finished","0020_migrate_sync_client_revision":"finished","0021_clear_permissions":"finished","0022_add_workspace_header_presets":"finished","0023_remove_collection_permissions_and_shared":"finished","0024_add_console_timelines_table":"finished","0025_add_console_events_table":"finished","0026_index_console_events":"finished","0027_add_console_blob_table":"finished","0028_add_runner_data_table":"finished","0029_add_api_schema_table":"finished","0030_migrate_collection_runs":"finished","0031_add_api_relation_table":"finished","0032_index_workspacesession_editor":"finished","0033_add_editor_data_cache_table":"finished","0034_migrate_editor_data":"finished","0035_remove_editors_table":"finished","0036_add_auth_sessions_table":"finished","0037_add_list_cache_table":"finished","0038_add_cookies_table":"finished","0039_add_runtime_preferences_table":"finished","0040_index_cookies_table":"finished","0041_update_collections_folder_request_response_with_owner_and_uid":"started"}]
[2707][1779400082018][requester][info]["Migrations: Starting migration","0042_migrate_runtime_user_preferences"]
[2707][1779400082018][requester][info]["Migrations: Flushing pending migrations for","0042_migrate_runtime_user_preferences"]
[2707][1779400082018][requester][info]["Migrations: Updating status in migration context",{"0000_initial":"finished","0001_add_archived_resources_table":"finished","0002_add_variable_sessions_table":"finished","0003_add_editor_tables":"finished","0004_migrate_ws_session_data":"finished","0005_cleanup_request_response_and_history_body":"finished","0006_add_dbp_to_request_response_and_history":"finished","0007_add_sync_client_buckets_by_order_id_table":"finished","0008_migrate_to_sync_client_buckets_by_order_id":"finished","0009_remove_sync_client_buckets_table":"finished","0010_add_history_owner":"finished","0011_add_history_response_table":"finished","0012_add_user_data_table":"finished","0013_sanitize_request_response_and_history_methods":"finished","0014_sanitize_response_requestobject_rawmodedata":"finished","0015_add_favorited_collections_table":"finished","0016_add_permission_table":"finished","0017_add_user_preferences_table":"finished","0018_index_header_presets":"finished","0019_migrate_favorite_collections_data":"finished","0020_migrate_sync_client_revision":"finished","0021_clear_permissions":"finished","0022_add_workspace_header_presets":"finished","0023_remove_collection_permissions_and_shared":"finished","0024_add_console_timelines_table":"finished","0025_add_console_events_table":"finished","0026_index_console_events":"finished","0027_add_console_blob_table":"finished","0028_add_runner_data_table":"finished","0029_add_api_schema_table":"finished","0030_migrate_collection_runs":"finished","0031_add_api_relation_table":"finished","0032_index_workspacesession_editor":"finished","0033_add_editor_data_cache_table":"finished","0034_migrate_editor_data":"finished","0035_remove_editors_table":"finished","0036_add_auth_sessions_table":"finished","0037_add_list_cache_table":"finished","0038_add_cookies_table":"finished","0039_add_runtime_preferences_table":"finished","0040_index_cookies_table":"finished","0041_update_collections_folder_request_response_with_owner_and_uid":"finished"}]
[2707][1779400082018][requester][info]["Migrations: Updated status in migration context",{"0000_initial":"finished","0001_add_archived_resources_table":"finished","0002_add_variable_sessions_table":"finished","0003_add_editor_tables":"finished","0004_migrate_ws_session_data":"finished","0005_cleanup_request_response_and_history_body":"finished","0006_add_dbp_to_request_response_and_history":"finished","0007_add_sync_client_buckets_by_order_id_table":"finished","0008_migrate_to_sync_client_buckets_by_order_id":"finished","0009_remove_sync_client_buckets_table":"finished","0010_add_history_owner":"finished","0011_add_history_response_table":"finished","0012_add_user_data_table":"finished","0013_sanitize_request_response_and_history_methods":"finished","0014_sanitize_response_requestobject_rawmodedata":"finished","0015_add_favorited_collections_table":"finished","0016_add_permission_table":"finished","0017_add_user_preferences_table":"finished","0018_index_header_presets":"finished","0019_migrate_favorite_collections_data":"finished","0020_migrate_sync_client_revision":"finished","0021_clear_permissions":"finished","0022_add_workspace_header_presets":"finished","0023_remove_collection_permissions_and_shared":"finished","0024_add_console_timelines_table":"finished","0025_add_console_events_table":"finished","0026_index_console_events":"finished","0027_add_console_blob_table":"finished","0028_add_runner_data_table":"finished","0029_add_api_schema_table":"finished","0030_migrate_collection_runs":"finished","0031_add_api_relation_table":"finished","0032_index_workspacesession_editor":"finished","0033_add_editor_data_cache_table":"finished","0034_migrate_editor_data":"finished","0035_remove_editors_table":"finished","0036_add_auth_sessions_table":"finished","0037_add_list_cache_table":"finished","0038_add_cookies_table":"finished","0039_add_runtime_preferences_table":"finished","0040_index_cookies_table":"finished","0041_update_collections_folder_request_response_with_owner_and_uid":"finished"}]
[2707][1779400082019][requester][info]["Migrations: Setting context before starting migration","0042_migrate_runtime_user_preferences",{"0000_initial":"finished","0001_add_archived_resources_table":"finished","0002_add_variable_sessions_table":"finished","0003_add_editor_tables":"finished","0004_migrate_ws_session_data":"finished","0005_cleanup_request_response_and_history_body":"finished","0006_add_dbp_to_request_response_and_history":"finished","0007_add_sync_client_buckets_by_order_id_table":"finished","0008_migrate_to_sync_client_buckets_by_order_id":"finished","0009_remove_sync_client_buckets_table":"finished","0010_add_history_owner":"finished","0011_add_history_response_table":"finished","0012_add_user_data_table":"finished","0013_sanitize_request_response_and_history_methods":"finished","0014_sanitize_response_requestobject_rawmodedata":"finished","0015_add_favorited_collections_table":"finished","0016_add_permission_table":"finished","0017_add_user_preferences_table":"finished","0018_index_header_presets":"finished","0019_migrate_favorite_collections_data":"finished","0020_migrate_sync_client_revision":"finished","0021_clear_permissions":"finished","0022_add_workspace_header_presets":"finished","0023_remove_collection_permissions_and_shared":"finished","0024_add_console_timelines_table":"finished","0025_add_console_events_table":"finished","0026_index_console_events":"finished","0027_add_console_blob_table":"finished","0028_add_runner_data_table":"finished","0029_add_api_schema_table":"finished","0030_migrate_collection_runs":"finished","0031_add_api_relation_table":"finished","0032_index_workspacesession_editor":"finished","0033_add_editor_data_cache_table":"finished","0034_migrate_editor_data":"finished","0035_remove_editors_table":"finished","0036_add_auth_sessions_table":"finished","0037_add_list_cache_table":"finished","0038_add_cookies_table":"finished","0039_add_runtime_preferences_table":"finished","0040_index_cookies_table":"finished","0041_update_collections_folder_request_response_with_owner_and_uid":"finished","0042_migrate_runtime_user_preferences":"started"}]
[2707][1779400082019][requester][info]["Migrations: Applying migration","0042_migrate_runtime_user_preferences"]
[2707][1779400082019][requester][info]["Migrations: Processing IndexedDB data migration","0042_migrate_runtime_user_preferences"]
[2707][1779400082023][requester][info]["Migration~RuntimeUserPreferences: Migrating Runtime Preferences"]
[2707][1779400082027][requester][info]["Migrations: Saving migration context after completion","0042_migrate_runtime_user_preferences",{"0000_initial":"finished","0001_add_archived_resources_table":"finished","0002_add_variable_sessions_table":"finished","0003_add_editor_tables":"finished","0004_migrate_ws_session_data":"finished","0005_cleanup_request_response_and_history_body":"finished","0006_add_dbp_to_request_response_and_history":"finished","0007_add_sync_client_buckets_by_order_id_table":"finished","0008_migrate_to_sync_client_buckets_by_order_id":"finished","0009_remove_sync_client_buckets_table":"finished","0010_add_history_owner":"finished","0011_add_history_response_table":"finished","0012_add_user_data_table":"finished","0013_sanitize_request_response_and_history_methods":"finished","0014_sanitize_response_requestobject_rawmodedata":"finished","0015_add_favorited_collections_table":"finished","0016_add_permission_table":"finished","0017_add_user_preferences_table":"finished","0018_index_header_presets":"finished","0019_migrate_favorite_collections_data":"finished","0020_migrate_sync_client_revision":"finished","0021_clear_permissions":"finished","0022_add_workspace_header_presets":"finished","0023_remove_collection_permissions_and_shared":"finished","0024_add_console_timelines_table":"finished","0025_add_console_events_table":"finished","0026_index_console_events":"finished","0027_add_console_blob_table":"finished","0028_add_runner_data_table":"finished","0029_add_api_schema_table":"finished","0030_migrate_collection_runs":"finished","0031_add_api_relation_table":"finished","0032_index_workspacesession_editor":"finished","0033_add_editor_data_cache_table":"finished","0034_migrate_editor_data":"finished","0035_remove_editors_table":"finished","0036_add_auth_sessions_table":"finished","0037_add_list_cache_table":"finished","0038_add_cookies_table":"finished","0039_add_runtime_preferences_table":"finished","0040_index_cookies_table":"finished","0041_update_collections_folder_request_response_with_owner_and_uid":"finished","0042_migrate_runtime_user_preferences":"started"}]
[2707][1779400082028][requester][info]["Migrations: Starting migration","0043_cleanup_launchpad_bootcamp"]
[2707][1779400082028][requester][info]["Migrations: Flushing pending migrations for","0043_cleanup_launchpad_bootcamp"]
[2707][1779400082029][requester][info]["Migrations: Updating status in migration context",{"0000_initial":"finished","0001_add_archived_resources_table":"finished","0002_add_variable_sessions_table":"finished","0003_add_editor_tables":"finished","0004_migrate_ws_session_data":"finished","0005_cleanup_request_response_and_history_body":"finished","0006_add_dbp_to_request_response_and_history":"finished","0007_add_sync_client_buckets_by_order_id_table":"finished","0008_migrate_to_sync_client_buckets_by_order_id":"finished","0009_remove_sync_client_buckets_table":"finished","0010_add_history_owner":"finished","0011_add_history_response_table":"finished","0012_add_user_data_table":"finished","0013_sanitize_request_response_and_history_methods":"finished","0014_sanitize_response_requestobject_rawmodedata":"finished","0015_add_favorited_collections_table":"finished","0016_add_permission_table":"finished","0017_add_user_preferences_table":"finished","0018_index_header_presets":"finished","0019_migrate_favorite_collections_data":"finished","0020_migrate_sync_client_revision":"finished","0021_clear_permissions":"finished","0022_add_workspace_header_presets":"finished","0023_remove_collection_permissions_and_shared":"finished","0024_add_console_timelines_table":"finished","0025_add_console_events_table":"finished","0026_index_console_events":"finished","0027_add_console_blob_table":"finished","0028_add_runner_data_table":"finished","0029_add_api_schema_table":"finished","0030_migrate_collection_runs":"finished","0031_add_api_relation_table":"finished","0032_index_workspacesession_editor":"finished","0033_add_editor_data_cache_table":"finished","0034_migrate_editor_data":"finished","0035_remove_editors_table":"finished","0036_add_auth_sessions_table":"finished","0037_add_list_cache_table":"finished","0038_add_cookies_table":"finished","0039_add_runtime_preferences_table":"finished","0040_index_cookies_table":"finished","0041_update_collections_folder_request_response_with_owner_and_uid":"finished","0042_migrate_runtime_user_preferences":"finished"}]
[2707][1779400082029][requester][info]["Migrations: Updated status in migration context",{"0000_initial":"finished","0001_add_archived_resources_table":"finished","0002_add_variable_sessions_table":"finished","0003_add_editor_tables":"finished","0004_migrate_ws_session_data":"finished","0005_cleanup_request_response_and_history_body":"finished","0006_add_dbp_to_request_response_and_history":"finished","0007_add_sync_client_buckets_by_order_id_table":"finished","0008_migrate_to_sync_client_buckets_by_order_id":"finished","0009_remove_sync_client_buckets_table":"finished","0010_add_history_owner":"finished","0011_add_history_response_table":"finished","0012_add_user_data_table":"finished","0013_sanitize_request_response_and_history_methods":"finished","0014_sanitize_response_requestobject_rawmodedata":"finished","0015_add_favorited_collections_table":"finished","0016_add_permission_table":"finished","0017_add_user_preferences_table":"finished","0018_index_header_presets":"finished","0019_migrate_favorite_collections_data":"finished","0020_migrate_sync_client_revision":"finished","0021_clear_permissions":"finished","0022_add_workspace_header_presets":"finished","0023_remove_collection_permissions_and_shared":"finished","0024_add_console_timelines_table":"finished","0025_add_console_events_table":"finished","0026_index_console_events":"finished","0027_add_console_blob_table":"finished","0028_add_runner_data_table":"finished","0029_add_api_schema_table":"finished","0030_migrate_collection_runs":"finished","0031_add_api_relation_table":"finished","0032_index_workspacesession_editor":"finished","0033_add_editor_data_cache_table":"finished","0034_migrate_editor_data":"finished","0035_remove_editors_table":"finished","0036_add_auth_sessions_table":"finished","0037_add_list_cache_table":"finished","0038_add_cookies_table":"finished","0039_add_runtime_preferences_table":"finished","0040_index_cookies_table":"finished","0041_update_collections_folder_request_response_with_owner_and_uid":"finished","0042_migrate_runtime_user_preferences":"finished"}]
[2707][1779400082030][requester][info]["Migrations: Setting context before starting migration","0043_cleanup_launchpad_bootcamp",{"0000_initial":"finished","0001_add_archived_resources_table":"finished","0002_add_variable_sessions_table":"finished","0003_add_editor_tables":"finished","0004_migrate_ws_session_data":"finished","0005_cleanup_request_response_and_history_body":"finished","0006_add_dbp_to_request_response_and_history":"finished","0007_add_sync_client_buckets_by_order_id_table":"finished","0008_migrate_to_sync_client_buckets_by_order_id":"finished","0009_remove_sync_client_buckets_table":"finished","0010_add_history_owner":"finished","0011_add_history_response_table":"finished","0012_add_user_data_table":"finished","0013_sanitize_request_response_and_history_methods":"finished","0014_sanitize_response_requestobject_rawmodedata":"finished","0015_add_favorited_collections_table":"finished","0016_add_permission_table":"finished","0017_add_user_preferences_table":"finished","0018_index_header_presets":"finished","0019_migrate_favorite_collections_data":"finished","0020_migrate_sync_client_revision":"finished","0021_clear_permissions":"finished","0022_add_workspace_header_presets":"finished","0023_remove_collection_permissions_and_shared":"finished","0024_add_console_timelines_table":"finished","0025_add_console_events_table":"finished","0026_index_console_events":"finished","0027_add_console_blob_table":"finished","0028_add_runner_data_table":"finished","0029_add_api_schema_table":"finished","0030_migrate_collection_runs":"finished","0031_add_api_relation_table":"finished","0032_index_workspacesession_editor":"finished","0033_add_editor_data_cache_table":"finished","0034_migrate_editor_data":"finished","0035_remove_editors_table":"finished","0036_add_auth_sessions_table":"finished","0037_add_list_cache_table":"finished","0038_add_cookies_table":"finished","0039_add_runtime_preferences_table":"finished","0040_index_cookies_table":"finished","0041_update_collections_folder_request_response_with_owner_and_uid":"finished","0042_migrate_runtime_user_preferences":"finished","0043_cleanup_launchpad_bootcamp":"started"}]
[2707][1779400082030][requester][info]["Migrations: Applying migration","0043_cleanup_launchpad_bootcamp"]
[2707][1779400082030][requester][info]["Migrations: Processing IndexedDB data migration","0043_cleanup_launchpad_bootcamp"]
[2707][1779400082034][requester][info]["Migration~CleanupLaunchpadAndBootcamp: Cleaning up references of launchpad and bootcamp"]
[2707][1779400082039][requester][info]["Migrations: Saving migration context after completion","0043_cleanup_launchpad_bootcamp",{"0000_initial":"finished","0001_add_archived_resources_table":"finished","0002_add_variable_sessions_table":"finished","0003_add_editor_tables":"finished","0004_migrate_ws_session_data":"finished","0005_cleanup_request_response_and_history_body":"finished","0006_add_dbp_to_request_response_and_history":"finished","0007_add_sync_client_buckets_by_order_id_table":"finished","0008_migrate_to_sync_client_buckets_by_order_id":"finished","0009_remove_sync_client_buckets_table":"finished","0010_add_history_owner":"finished","0011_add_history_response_table":"finished","0012_add_user_data_table":"finished","0013_sanitize_request_response_and_history_methods":"finished","0014_sanitize_response_requestobject_rawmodedata":"finished","0015_add_favorited_collections_table":"finished","0016_add_permission_table":"finished","0017_add_user_preferences_table":"finished","0018_index_header_presets":"finished","0019_migrate_favorite_collections_data":"finished","0020_migrate_sync_client_revision":"finished","0021_clear_permissions":"finished","0022_add_workspace_header_presets":"finished","0023_remove_collection_permissions_and_shared":"finished","0024_add_console_timelines_table":"finished","0025_add_console_events_table":"finished","0026_index_console_events":"finished","0027_add_console_blob_table":"finished","0028_add_runner_data_table":"finished","0029_add_api_schema_table":"finished","0030_migrate_collection_runs":"finished","0031_add_api_relation_table":"finished","0032_index_workspacesession_editor":"finished","0033_add_editor_data_cache_table":"finished","0034_migrate_editor_data":"finished","0035_remove_editors_table":"finished","0036_add_auth_sessions_table":"finished","0037_add_list_cache_table":"finished","0038_add_cookies_table":"finished","0039_add_runtime_preferences_table":"finished","0040_index_cookies_table":"finished","0041_update_collections_folder_request_response_with_owner_and_uid":"finished","0042_migrate_runtime_user_preferences":"finished","0043_cleanup_launchpad_bootcamp":"started"}]
[2707][1779400082040][requester][info]["Migrations: Starting migration","0044_migrate_tab_resource"]
[2707][1779400082040][requester][info]["Migrations: Flushing pending migrations for","0044_migrate_tab_resource"]
[2707][1779400082040][requester][info]["Migrations: Updating status in migration context",{"0000_initial":"finished","0001_add_archived_resources_table":"finished","0002_add_variable_sessions_table":"finished","0003_add_editor_tables":"finished","0004_migrate_ws_session_data":"finished","0005_cleanup_request_response_and_history_body":"finished","0006_add_dbp_to_request_response_and_history":"finished","0007_add_sync_client_buckets_by_order_id_table":"finished","0008_migrate_to_sync_client_buckets_by_order_id":"finished","0009_remove_sync_client_buckets_table":"finished","0010_add_history_owner":"finished","0011_add_history_response_table":"finished","0012_add_user_data_table":"finished","0013_sanitize_request_response_and_history_methods":"finished","0014_sanitize_response_requestobject_rawmodedata":"finished","0015_add_favorited_collections_table":"finished","0016_add_permission_table":"finished","0017_add_user_preferences_table":"finished","0018_index_header_presets":"finished","0019_migrate_favorite_collections_data":"finished","0020_migrate_sync_client_revision":"finished","0021_clear_permissions":"finished","0022_add_workspace_header_presets":"finished","0023_remove_collection_permissions_and_shared":"finished","0024_add_console_timelines_table":"finished","0025_add_console_events_table":"finished","0026_index_console_events":"finished","0027_add_console_blob_table":"finished","0028_add_runner_data_table":"finished","0029_add_api_schema_table":"finished","0030_migrate_collection_runs":"finished","0031_add_api_relation_table":"finished","0032_index_workspacesession_editor":"finished","0033_add_editor_data_cache_table":"finished","0034_migrate_editor_data":"finished","0035_remove_editors_table":"finished","0036_add_auth_sessions_table":"finished","0037_add_list_cache_table":"finished","0038_add_cookies_table":"finished","0039_add_runtime_preferences_table":"finished","0040_index_cookies_table":"finished","0041_update_collections_folder_request_response_with_owner_and_uid":"finished","0042_migrate_runtime_user_preferences":"finished","0043_cleanup_launchpad_bootcamp":"finished"}]
[2707][1779400082041][requester][info]["Migrations: Updated status in migration context",{"0000_initial":"finished","0001_add_archived_resources_table":"finished","0002_add_variable_sessions_table":"finished","0003_add_editor_tables":"finished","0004_migrate_ws_session_data":"finished","0005_cleanup_request_response_and_history_body":"finished","0006_add_dbp_to_request_response_and_history":"finished","0007_add_sync_client_buckets_by_order_id_table":"finished","0008_migrate_to_sync_client_buckets_by_order_id":"finished","0009_remove_sync_client_buckets_table":"finished","0010_add_history_owner":"finished","0011_add_history_response_table":"finished","0012_add_user_data_table":"finished","0013_sanitize_request_response_and_history_methods":"finished","0014_sanitize_response_requestobject_rawmodedata":"finished","0015_add_favorited_collections_table":"finished","0016_add_permission_table":"finished","0017_add_user_preferences_table":"finished","0018_index_header_presets":"finished","0019_migrate_favorite_collections_data":"finished","0020_migrate_sync_client_revision":"finished","0021_clear_permissions":"finished","0022_add_workspace_header_presets":"finished","0023_remove_collection_permissions_and_shared":"finished","0024_add_console_timelines_table":"finished","0025_add_console_events_table":"finished","0026_index_console_events":"finished","0027_add_console_blob_table":"finished","0028_add_runner_data_table":"finished","0029_add_api_schema_table":"finished","0030_migrate_collection_runs":"finished","0031_add_api_relation_table":"finished","0032_index_workspacesession_editor":"finished","0033_add_editor_data_cache_table":"finished","0034_migrate_editor_data":"finished","0035_remove_editors_table":"finished","0036_add_auth_sessions_table":"finished","0037_add_list_cache_table":"finished","0038_add_cookies_table":"finished","0039_add_runtime_preferences_table":"finished","0040_index_cookies_table":"finished","0041_update_collections_folder_request_response_with_owner_and_uid":"finished","0042_migrate_runtime_user_preferences":"finished","0043_cleanup_launchpad_bootcamp":"finished"}]
[2707][1779400082041][requester][info]["Migrations: Setting context before starting migration","0044_migrate_tab_resource",{"0000_initial":"finished","0001_add_archived_resources_table":"finished","0002_add_variable_sessions_table":"finished","0003_add_editor_tables":"finished","0004_migrate_ws_session_data":"finished","0005_cleanup_request_response_and_history_body":"finished","0006_add_dbp_to_request_response_and_history":"finished","0007_add_sync_client_buckets_by_order_id_table":"finished","0008_migrate_to_sync_client_buckets_by_order_id":"finished","0009_remove_sync_client_buckets_table":"finished","0010_add_history_owner":"finished","0011_add_history_response_table":"finished","0012_add_user_data_table":"finished","0013_sanitize_request_response_and_history_methods":"finished","0014_sanitize_response_requestobject_rawmodedata":"finished","0015_add_favorited_collections_table":"finished","0016_add_permission_table":"finished","0017_add_user_preferences_table":"finished","0018_index_header_presets":"finished","0019_migrate_favorite_collections_data":"finished","0020_migrate_sync_client_revision":"finished","0021_clear_permissions":"finished","0022_add_workspace_header_presets":"finished","0023_remove_collection_permissions_and_shared":"finished","0024_add_console_timelines_table":"finished","0025_add_console_events_table":"finished","0026_index_console_events":"finished","0027_add_console_blob_table":"finished","0028_add_runner_data_table":"finished","0029_add_api_schema_table":"finished","0030_migrate_collection_runs":"finished","0031_add_api_relation_table":"finished","0032_index_workspacesession_editor":"finished","0033_add_editor_data_cache_table":"finished","0034_migrate_editor_data":"finished","0035_remove_editors_table":"finished","0036_add_auth_sessions_table":"finished","0037_add_list_cache_table":"finished","0038_add_cookies_table":"finished","0039_add_runtime_preferences_table":"finished","0040_index_cookies_table":"finished","0041_update_collections_folder_request_response_with_owner_and_uid":"finished","0042_migrate_runtime_user_preferences":"finished","0043_cleanup_launchpad_bootcamp":"finished","0044_migrate_tab_resource":"started"}]
[2707][1779400082042][requester][info]["Migrations: Applying migration","0044_migrate_tab_resource"]
[2707][1779400082042][requester][info]["Migrations: Processing IndexedDB data migration","0044_migrate_tab_resource"]
[2707][1779400082047][requester][info]["MigrateTabResource: Updating the older tab resource to newer format"]
[2707][1779400082051][requester][info]["Migrations: Saving migration context after completion","0044_migrate_tab_resource",{"0000_initial":"finished","0001_add_archived_resources_table":"finished","0002_add_variable_sessions_table":"finished","0003_add_editor_tables":"finished","0004_migrate_ws_session_data":"finished","0005_cleanup_request_response_and_history_body":"finished","0006_add_dbp_to_request_response_and_history":"finished","0007_add_sync_client_buckets_by_order_id_table":"finished","0008_migrate_to_sync_client_buckets_by_order_id":"finished","0009_remove_sync_client_buckets_table":"finished","0010_add_history_owner":"finished","0011_add_history_response_table":"finished","0012_add_user_data_table":"finished","0013_sanitize_request_response_and_history_methods":"finished","0014_sanitize_response_requestobject_rawmodedata":"finished","0015_add_favorited_collections_table":"finished","0016_add_permission_table":"finished","0017_add_user_preferences_table":"finished","0018_index_header_presets":"finished","0019_migrate_favorite_collections_data":"finished","0020_migrate_sync_client_revision":"finished","0021_clear_permissions":"finished","0022_add_workspace_header_presets":"finished","0023_remove_collection_permissions_and_shared":"finished","0024_add_console_timelines_table":"finished","0025_add_console_events_table":"finished","0026_index_console_events":"finished","0027_add_console_blob_table":"finished","0028_add_runner_data_table":"finished","0029_add_api_schema_table":"finished","0030_migrate_collection_runs":"finished","0031_add_api_relation_table":"finished","0032_index_workspacesession_editor":"finished","0033_add_editor_data_cache_table":"finished","0034_migrate_editor_data":"finished","0035_remove_editors_table":"finished","0036_add_auth_sessions_table":"finished","0037_add_list_cache_table":"finished","0038_add_cookies_table":"finished","0039_add_runtime_preferences_table":"finished","0040_index_cookies_table":"finished","0041_update_collections_folder_request_response_with_owner_and_uid":"finished","0042_migrate_runtime_user_preferences":"finished","0043_cleanup_launchpad_bootcamp":"finished","0044_migrate_tab_resource":"started"}]
[2707][1779400082051][requester][info]["Migrations: Starting migration","0045_add_runtime_entity_settings_table"]
[2707][1779400082052][requester][info]["Migrations: Setting context before starting migration","0045_add_runtime_entity_settings_table",{"0000_initial":"finished","0001_add_archived_resources_table":"finished","0002_add_variable_sessions_table":"finished","0003_add_editor_tables":"finished","0004_migrate_ws_session_data":"finished","0005_cleanup_request_response_and_history_body":"finished","0006_add_dbp_to_request_response_and_history":"finished","0007_add_sync_client_buckets_by_order_id_table":"finished","0008_migrate_to_sync_client_buckets_by_order_id":"finished","0009_remove_sync_client_buckets_table":"finished","0010_add_history_owner":"finished","0011_add_history_response_table":"finished","0012_add_user_data_table":"finished","0013_sanitize_request_response_and_history_methods":"finished","0014_sanitize_response_requestobject_rawmodedata":"finished","0015_add_favorited_collections_table":"finished","0016_add_permission_table":"finished","0017_add_user_preferences_table":"finished","0018_index_header_presets":"finished","0019_migrate_favorite_collections_data":"finished","0020_migrate_sync_client_revision":"finished","0021_clear_permissions":"finished","0022_add_workspace_header_presets":"finished","0023_remove_collection_permissions_and_shared":"finished","0024_add_console_timelines_table":"finished","0025_add_console_events_table":"finished","0026_index_console_events":"finished","0027_add_console_blob_table":"finished","0028_add_runner_data_table":"finished","0029_add_api_schema_table":"finished","0030_migrate_collection_runs":"finished","0031_add_api_relation_table":"finished","0032_index_workspacesession_editor":"finished","0033_add_editor_data_cache_table":"finished","0034_migrate_editor_data":"finished","0035_remove_editors_table":"finished","0036_add_auth_sessions_table":"finished","0037_add_list_cache_table":"finished","0038_add_cookies_table":"finished","0039_add_runtime_preferences_table":"finished","0040_index_cookies_table":"finished","0041_update_collections_folder_request_response_with_owner_and_uid":"finished","0042_migrate_runtime_user_preferences":"finished","0043_cleanup_launchpad_bootcamp":"finished","0044_migrate_tab_resource":"finished","0045_add_runtime_entity_settings_table":"started"}]
[2707][1779400082052][requester][info]["Migrations: Applying migration","0045_add_runtime_entity_settings_table"]
[2707][1779400082052][requester][info]["Migrations: Upgrading IndexedDB to version","0045_add_runtime_entity_settings_table",28]
[2707][1779400082053][requester][info]["Migrations: Adding pending commit to queue","0045_add_runtime_entity_settings_table"]
[2707][1779400082053][requester][info]["Migrations: Starting migration","0046_migrate_responses_order"]
[2707][1779400082053][requester][info]["Migrations: Flushing pending migrations for","0046_migrate_responses_order"]
[2707][1779400082053][requester][info]["Migrations: Flushing pending commit for type","IndexeddbSchemaMigration"]
[2707][1779400082053][requester][info]["Migrations: Committing IndexedDB upgrade"]
[2707][1779400082059][requester][info]["Migrations: Updating status in migration context",{"0000_initial":"finished","0001_add_archived_resources_table":"finished","0002_add_variable_sessions_table":"finished","0003_add_editor_tables":"finished","0004_migrate_ws_session_data":"finished","0005_cleanup_request_response_and_history_body":"finished","0006_add_dbp_to_request_response_and_history":"finished","0007_add_sync_client_buckets_by_order_id_table":"finished","0008_migrate_to_sync_client_buckets_by_order_id":"finished","0009_remove_sync_client_buckets_table":"finished","0010_add_history_owner":"finished","0011_add_history_response_table":"finished","0012_add_user_data_table":"finished","0013_sanitize_request_response_and_history_methods":"finished","0014_sanitize_response_requestobject_rawmodedata":"finished","0015_add_favorited_collections_table":"finished","0016_add_permission_table":"finished","0017_add_user_preferences_table":"finished","0018_index_header_presets":"finished","0019_migrate_favorite_collections_data":"finished","0020_migrate_sync_client_revision":"finished","0021_clear_permissions":"finished","0022_add_workspace_header_presets":"finished","0023_remove_collection_permissions_and_shared":"finished","0024_add_console_timelines_table":"finished","0025_add_console_events_table":"finished","0026_index_console_events":"finished","0027_add_console_blob_table":"finished","0028_add_runner_data_table":"finished","0029_add_api_schema_table":"finished","0030_migrate_collection_runs":"finished","0031_add_api_relation_table":"finished","0032_index_workspacesession_editor":"finished","0033_add_editor_data_cache_table":"finished","0034_migrate_editor_data":"finished","0035_remove_editors_table":"finished","0036_add_auth_sessions_table":"finished","0037_add_list_cache_table":"finished","0038_add_cookies_table":"finished","0039_add_runtime_preferences_table":"finished","0040_index_cookies_table":"finished","0041_update_collections_folder_request_response_with_owner_and_uid":"finished","0042_migrate_runtime_user_preferences":"finished","0043_cleanup_launchpad_bootcamp":"finished","0044_migrate_tab_resource":"finished","0045_add_runtime_entity_settings_table":"started"}]
[2707][1779400082060][requester][info]["Migrations: Updated status in migration context",{"0000_initial":"finished","0001_add_archived_resources_table":"finished","0002_add_variable_sessions_table":"finished","0003_add_editor_tables":"finished","0004_migrate_ws_session_data":"finished","0005_cleanup_request_response_and_history_body":"finished","0006_add_dbp_to_request_response_and_history":"finished","0007_add_sync_client_buckets_by_order_id_table":"finished","0008_migrate_to_sync_client_buckets_by_order_id":"finished","0009_remove_sync_client_buckets_table":"finished","0010_add_history_owner":"finished","0011_add_history_response_table":"finished","0012_add_user_data_table":"finished","0013_sanitize_request_response_and_history_methods":"finished","0014_sanitize_response_requestobject_rawmodedata":"finished","0015_add_favorited_collections_table":"finished","0016_add_permission_table":"finished","0017_add_user_preferences_table":"finished","0018_index_header_presets":"finished","0019_migrate_favorite_collections_data":"finished","0020_migrate_sync_client_revision":"finished","0021_clear_permissions":"finished","0022_add_workspace_header_presets":"finished","0023_remove_collection_permissions_and_shared":"finished","0024_add_console_timelines_table":"finished","0025_add_console_events_table":"finished","0026_index_console_events":"finished","0027_add_console_blob_table":"finished","0028_add_runner_data_table":"finished","0029_add_api_schema_table":"finished","0030_migrate_collection_runs":"finished","0031_add_api_relation_table":"finished","0032_index_workspacesession_editor":"finished","0033_add_editor_data_cache_table":"finished","0034_migrate_editor_data":"finished","0035_remove_editors_table":"finished","0036_add_auth_sessions_table":"finished","0037_add_list_cache_table":"finished","0038_add_cookies_table":"finished","0039_add_runtime_preferences_table":"finished","0040_index_cookies_table":"finished","0041_update_collections_folder_request_response_with_owner_and_uid":"finished","0042_migrate_runtime_user_preferences":"finished","0043_cleanup_launchpad_bootcamp":"finished","0044_migrate_tab_resource":"finished","0045_add_runtime_entity_settings_table":"finished"}]
[2707][1779400082060][requester][info]["Migrations: Setting context before starting migration","0046_migrate_responses_order",{"0000_initial":"finished","0001_add_archived_resources_table":"finished","0002_add_variable_sessions_table":"finished","0003_add_editor_tables":"finished","0004_migrate_ws_session_data":"finished","0005_cleanup_request_response_and_history_body":"finished","0006_add_dbp_to_request_response_and_history":"finished","0007_add_sync_client_buckets_by_order_id_table":"finished","0008_migrate_to_sync_client_buckets_by_order_id":"finished","0009_remove_sync_client_buckets_table":"finished","0010_add_history_owner":"finished","0011_add_history_response_table":"finished","0012_add_user_data_table":"finished","0013_sanitize_request_response_and_history_methods":"finished","0014_sanitize_response_requestobject_rawmodedata":"finished","0015_add_favorited_collections_table":"finished","0016_add_permission_table":"finished","0017_add_user_preferences_table":"finished","0018_index_header_presets":"finished","0019_migrate_favorite_collections_data":"finished","0020_migrate_sync_client_revision":"finished","0021_clear_permissions":"finished","0022_add_workspace_header_presets":"finished","0023_remove_collection_permissions_and_shared":"finished","0024_add_console_timelines_table":"finished","0025_add_console_events_table":"finished","0026_index_console_events":"finished","0027_add_console_blob_table":"finished","0028_add_runner_data_table":"finished","0029_add_api_schema_table":"finished","0030_migrate_collection_runs":"finished","0031_add_api_relation_table":"finished","0032_index_workspacesession_editor":"finished","0033_add_editor_data_cache_table":"finished","0034_migrate_editor_data":"finished","0035_remove_editors_table":"finished","0036_add_auth_sessions_table":"finished","0037_add_list_cache_table":"finished","0038_add_cookies_table":"finished","0039_add_runtime_preferences_table":"finished","0040_index_cookies_table":"finished","0041_update_collections_folder_request_response_with_owner_and_uid":"finished","0042_migrate_runtime_user_preferences":"finished","0043_cleanup_launchpad_bootcamp":"finished","0044_migrate_tab_resource":"finished","0045_add_runtime_entity_settings_table":"finished","0046_migrate_responses_order":"started"}]
[2707][1779400082060][requester][info]["Migrations: Applying migration","0046_migrate_responses_order"]
[2707][1779400082061][requester][info]["Migrations: Processing IndexedDB data migration","0046_migrate_responses_order"]
[2707][1779400082071][requester][info]["Migration~ResponsesOrder: Migrating Responses order"]
[2707][1779400082074][requester][info]["Migrations: Saving migration context after completion","0046_migrate_responses_order",{"0000_initial":"finished","0001_add_archived_resources_table":"finished","0002_add_variable_sessions_table":"finished","0003_add_editor_tables":"finished","0004_migrate_ws_session_data":"finished","0005_cleanup_request_response_and_history_body":"finished","0006_add_dbp_to_request_response_and_history":"finished","0007_add_sync_client_buckets_by_order_id_table":"finished","0008_migrate_to_sync_client_buckets_by_order_id":"finished","0009_remove_sync_client_buckets_table":"finished","0010_add_history_owner":"finished","0011_add_history_response_table":"finished","0012_add_user_data_table":"finished","0013_sanitize_request_response_and_history_methods":"finished","0014_sanitize_response_requestobject_rawmodedata":"finished","0015_add_favorited_collections_table":"finished","0016_add_permission_table":"finished","0017_add_user_preferences_table":"finished","0018_index_header_presets":"finished","0019_migrate_favorite_collections_data":"finished","0020_migrate_sync_client_revision":"finished","0021_clear_permissions":"finished","0022_add_workspace_header_presets":"finished","0023_remove_collection_permissions_and_shared":"finished","0024_add_console_timelines_table":"finished","0025_add_console_events_table":"finished","0026_index_console_events":"finished","0027_add_console_blob_table":"finished","0028_add_runner_data_table":"finished","0029_add_api_schema_table":"finished","0030_migrate_collection_runs":"finished","0031_add_api_relation_table":"finished","0032_index_workspacesession_editor":"finished","0033_add_editor_data_cache_table":"finished","0034_migrate_editor_data":"finished","0035_remove_editors_table":"finished","0036_add_auth_sessions_table":"finished","0037_add_list_cache_table":"finished","0038_add_cookies_table":"finished","0039_add_runtime_preferences_table":"finished","0040_index_cookies_table":"finished","0041_update_collections_folder_request_response_with_owner_and_uid":"finished","0042_migrate_runtime_user_preferences":"finished","0043_cleanup_launchpad_bootcamp":"finished","0044_migrate_tab_resource":"finished","0045_add_runtime_entity_settings_table":"finished","0046_migrate_responses_order":"started"}]
[2707][1779400082074][requester][info]["Migrations: Starting migration","0047_update_api_relation_v2_table_indexes"]
[2707][1779400082074][requester][info]["Migrations: Setting context before starting migration","0047_update_api_relation_v2_table_indexes",{"0000_initial":"finished","0001_add_archived_resources_table":"finished","0002_add_variable_sessions_table":"finished","0003_add_editor_tables":"finished","0004_migrate_ws_session_data":"finished","0005_cleanup_request_response_and_history_body":"finished","0006_add_dbp_to_request_response_and_history":"finished","0007_add_sync_client_buckets_by_order_id_table":"finished","0008_migrate_to_sync_client_buckets_by_order_id":"finished","0009_remove_sync_client_buckets_table":"finished","0010_add_history_owner":"finished","0011_add_history_response_table":"finished","0012_add_user_data_table":"finished","0013_sanitize_request_response_and_history_methods":"finished","0014_sanitize_response_requestobject_rawmodedata":"finished","0015_add_favorited_collections_table":"finished","0016_add_permission_table":"finished","0017_add_user_preferences_table":"finished","0018_index_header_presets":"finished","0019_migrate_favorite_collections_data":"finished","0020_migrate_sync_client_revision":"finished","0021_clear_permissions":"finished","0022_add_workspace_header_presets":"finished","0023_remove_collection_permissions_and_shared":"finished","0024_add_console_timelines_table":"finished","0025_add_console_events_table":"finished","0026_index_console_events":"finished","0027_add_console_blob_table":"finished","0028_add_runner_data_table":"finished","0029_add_api_schema_table":"finished","0030_migrate_collection_runs":"finished","0031_add_api_relation_table":"finished","0032_index_workspacesession_editor":"finished","0033_add_editor_data_cache_table":"finished","0034_migrate_editor_data":"finished","0035_remove_editors_table":"finished","0036_add_auth_sessions_table":"finished","0037_add_list_cache_table":"finished","0038_add_cookies_table":"finished","0039_add_runtime_preferences_table":"finished","0040_index_cookies_table":"finished","0041_update_collections_folder_request_response_with_owner_and_uid":"finished","0042_migrate_runtime_user_preferences":"finished","0043_cleanup_launchpad_bootcamp":"finished","0044_migrate_tab_resource":"finished","0045_add_runtime_entity_settings_table":"finished","0046_migrate_responses_order":"finished","0047_update_api_relation_v2_table_indexes":"started"}]
[2707][1779400082075][requester][info]["Migrations: Applying migration","0047_update_api_relation_v2_table_indexes"]
[2707][1779400082075][requester][info]["Migrations: Upgrading IndexedDB to version","0047_update_api_relation_v2_table_indexes",29]
[2707][1779400082075][requester][info]["Migrations: Adding pending commit to queue","0047_update_api_relation_v2_table_indexes"]
[2707][1779400082075][requester][info]["Migrations: Starting migration","0048_add_session_cookie_table"]
[2707][1779400082075][requester][info]["Migrations: Setting context before starting migration","0048_add_session_cookie_table",{"0000_initial":"finished","0001_add_archived_resources_table":"finished","0002_add_variable_sessions_table":"finished","0003_add_editor_tables":"finished","0004_migrate_ws_session_data":"finished","0005_cleanup_request_response_and_history_body":"finished","0006_add_dbp_to_request_response_and_history":"finished","0007_add_sync_client_buckets_by_order_id_table":"finished","0008_migrate_to_sync_client_buckets_by_order_id":"finished","0009_remove_sync_client_buckets_table":"finished","0010_add_history_owner":"finished","0011_add_history_response_table":"finished","0012_add_user_data_table":"finished","0013_sanitize_request_response_and_history_methods":"finished","0014_sanitize_response_requestobject_rawmodedata":"finished","0015_add_favorited_collections_table":"finished","0016_add_permission_table":"finished","0017_add_user_preferences_table":"finished","0018_index_header_presets":"finished","0019_migrate_favorite_collections_data":"finished","0020_migrate_sync_client_revision":"finished","0021_clear_permissions":"finished","0022_add_workspace_header_presets":"finished","0023_remove_collection_permissions_and_shared":"finished","0024_add_console_timelines_table":"finished","0025_add_console_events_table":"finished","0026_index_console_events":"finished","0027_add_console_blob_table":"finished","0028_add_runner_data_table":"finished","0029_add_api_schema_table":"finished","0030_migrate_collection_runs":"finished","0031_add_api_relation_table":"finished","0032_index_workspacesession_editor":"finished","0033_add_editor_data_cache_table":"finished","0034_migrate_editor_data":"finished","0035_remove_editors_table":"finished","0036_add_auth_sessions_table":"finished","0037_add_list_cache_table":"finished","0038_add_cookies_table":"finished","0039_add_runtime_preferences_table":"finished","0040_index_cookies_table":"finished","0041_update_collections_folder_request_response_with_owner_and_uid":"finished","0042_migrate_runtime_user_preferences":"finished","0043_cleanup_launchpad_bootcamp":"finished","0044_migrate_tab_resource":"finished","0045_add_runtime_entity_settings_table":"finished","0046_migrate_responses_order":"finished","0047_update_api_relation_v2_table_indexes":"started","0048_add_session_cookie_table":"started"}]
[2707][1779400082076][requester][info]["Migrations: Applying migration","0048_add_session_cookie_table"]
[2707][1779400082076][requester][info]["Migrations: Upgrading IndexedDB to version","0048_add_session_cookie_table",30]
[2707][1779400082076][requester][info]["Migrations: Adding pending commit to queue","0048_add_session_cookie_table"]
[2707][1779400082076][requester][info]["Migrations: Starting migration","0049_migrate_data_from_file_to_https"]
[2707][1779400082076][requester][info]["Migrations: Flushing pending migrations for","0049_migrate_data_from_file_to_https"]
[2707][1779400082076][requester][info]["Migrations: Flushing pending commit for type","IndexeddbSchemaMigration"]
[2707][1779400082076][requester][info]["Migrations: Committing IndexedDB upgrade"]
[2707][1779400082083][requester][info]["Migrations: Updating status in migration context",{"0000_initial":"finished","0001_add_archived_resources_table":"finished","0002_add_variable_sessions_table":"finished","0003_add_editor_tables":"finished","0004_migrate_ws_session_data":"finished","0005_cleanup_request_response_and_history_body":"finished","0006_add_dbp_to_request_response_and_history":"finished","0007_add_sync_client_buckets_by_order_id_table":"finished","0008_migrate_to_sync_client_buckets_by_order_id":"finished","0009_remove_sync_client_buckets_table":"finished","0010_add_history_owner":"finished","0011_add_history_response_table":"finished","0012_add_user_data_table":"finished","0013_sanitize_request_response_and_history_methods":"finished","0014_sanitize_response_requestobject_rawmodedata":"finished","0015_add_favorited_collections_table":"finished","0016_add_permission_table":"finished","0017_add_user_preferences_table":"finished","0018_index_header_presets":"finished","0019_migrate_favorite_collections_data":"finished","0020_migrate_sync_client_revision":"finished","0021_clear_permissions":"finished","0022_add_workspace_header_presets":"finished","0023_remove_collection_permissions_and_shared":"finished","0024_add_console_timelines_table":"finished","0025_add_console_events_table":"finished","0026_index_console_events":"finished","0027_add_console_blob_table":"finished","0028_add_runner_data_table":"finished","0029_add_api_schema_table":"finished","0030_migrate_collection_runs":"finished","0031_add_api_relation_table":"finished","0032_index_workspacesession_editor":"finished","0033_add_editor_data_cache_table":"finished","0034_migrate_editor_data":"finished","0035_remove_editors_table":"finished","0036_add_auth_sessions_table":"finished","0037_add_list_cache_table":"finished","0038_add_cookies_table":"finished","0039_add_runtime_preferences_table":"finished","0040_index_cookies_table":"finished","0041_update_collections_folder_request_response_with_owner_and_uid":"finished","0042_migrate_runtime_user_preferences":"finished","0043_cleanup_launchpad_bootcamp":"finished","0044_migrate_tab_resource":"finished","0045_add_runtime_entity_settings_table":"finished","0046_migrate_responses_order":"finished","0047_update_api_relation_v2_table_indexes":"started","0048_add_session_cookie_table":"started"}]
[2707][1779400082084][requester][info]["Migrations: Updated status in migration context",{"0000_initial":"finished","0001_add_archived_resources_table":"finished","0002_add_variable_sessions_table":"finished","0003_add_editor_tables":"finished","0004_migrate_ws_session_data":"finished","0005_cleanup_request_response_and_history_body":"finished","0006_add_dbp_to_request_response_and_history":"finished","0007_add_sync_client_buckets_by_order_id_table":"finished","0008_migrate_to_sync_client_buckets_by_order_id":"finished","0009_remove_sync_client_buckets_table":"finished","0010_add_history_owner":"finished","0011_add_history_response_table":"finished","0012_add_user_data_table":"finished","0013_sanitize_request_response_and_history_methods":"finished","0014_sanitize_response_requestobject_rawmodedata":"finished","0015_add_favorited_collections_table":"finished","0016_add_permission_table":"finished","0017_add_user_preferences_table":"finished","0018_index_header_presets":"finished","0019_migrate_favorite_collections_data":"finished","0020_migrate_sync_client_revision":"finished","0021_clear_permissions":"finished","0022_add_workspace_header_presets":"finished","0023_remove_collection_permissions_and_shared":"finished","0024_add_console_timelines_table":"finished","0025_add_console_events_table":"finished","0026_index_console_events":"finished","0027_add_console_blob_table":"finished","0028_add_runner_data_table":"finished","0029_add_api_schema_table":"finished","0030_migrate_collection_runs":"finished","0031_add_api_relation_table":"finished","0032_index_workspacesession_editor":"finished","0033_add_editor_data_cache_table":"finished","0034_migrate_editor_data":"finished","0035_remove_editors_table":"finished","0036_add_auth_sessions_table":"finished","0037_add_list_cache_table":"finished","0038_add_cookies_table":"finished","0039_add_runtime_preferences_table":"finished","0040_index_cookies_table":"finished","0041_update_collections_folder_request_response_with_owner_and_uid":"finished","0042_migrate_runtime_user_preferences":"finished","0043_cleanup_launchpad_bootcamp":"finished","0044_migrate_tab_resource":"finished","0045_add_runtime_entity_settings_table":"finished","0046_migrate_responses_order":"finished","0047_update_api_relation_v2_table_indexes":"finished","0048_add_session_cookie_table":"finished"}]
[2707][1779400082084][requester][info]["Migrations: Setting context before starting migration","0049_migrate_data_from_file_to_https",{"0000_initial":"finished","0001_add_archived_resources_table":"finished","0002_add_variable_sessions_table":"finished","0003_add_editor_tables":"finished","0004_migrate_ws_session_data":"finished","0005_cleanup_request_response_and_history_body":"finished","0006_add_dbp_to_request_response_and_history":"finished","0007_add_sync_client_buckets_by_order_id_table":"finished","0008_migrate_to_sync_client_buckets_by_order_id":"finished","0009_remove_sync_client_buckets_table":"finished","0010_add_history_owner":"finished","0011_add_history_response_table":"finished","0012_add_user_data_table":"finished","0013_sanitize_request_response_and_history_methods":"finished","0014_sanitize_response_requestobject_rawmodedata":"finished","0015_add_favorited_collections_table":"finished","0016_add_permission_table":"finished","0017_add_user_preferences_table":"finished","0018_index_header_presets":"finished","0019_migrate_favorite_collections_data":"finished","0020_migrate_sync_client_revision":"finished","0021_clear_permissions":"finished","0022_add_workspace_header_presets":"finished","0023_remove_collection_permissions_and_shared":"finished","0024_add_console_timelines_table":"finished","0025_add_console_events_table":"finished","0026_index_console_events":"finished","0027_add_console_blob_table":"finished","0028_add_runner_data_table":"finished","0029_add_api_schema_table":"finished","0030_migrate_collection_runs":"finished","0031_add_api_relation_table":"finished","0032_index_workspacesession_editor":"finished","0033_add_editor_data_cache_table":"finished","0034_migrate_editor_data":"finished","0035_remove_editors_table":"finished","0036_add_auth_sessions_table":"finished","0037_add_list_cache_table":"finished","0038_add_cookies_table":"finished","0039_add_runtime_preferences_table":"finished","0040_index_cookies_table":"finished","0041_update_collections_folder_request_response_with_owner_and_uid":"finished","0042_migrate_runtime_user_preferences":"finished","0043_cleanup_launchpad_bootcamp":"finished","0044_migrate_tab_resource":"finished","0045_add_runtime_entity_settings_table":"finished","0046_migrate_responses_order":"finished","0047_update_api_relation_v2_table_indexes":"finished","0048_add_session_cookie_table":"finished","0049_migrate_data_from_file_to_https":"started"}]
[2707][1779400082085][requester][info]["Migrations: Applying migration","0049_migrate_data_from_file_to_https"]
[2707][1779400082085][requester][info]["Migrations: Processing IndexedDB data migration","0049_migrate_data_from_file_to_https"]
[2707][1779400082087][requester][info]["Migrations: Saving migration context after completion","0049_migrate_data_from_file_to_https",{"0000_initial":"finished","0001_add_archived_resources_table":"finished","0002_add_variable_sessions_table":"finished","0003_add_editor_tables":"finished","0004_migrate_ws_session_data":"finished","0005_cleanup_request_response_and_history_body":"finished","0006_add_dbp_to_request_response_and_history":"finished","0007_add_sync_client_buckets_by_order_id_table":"finished","0008_migrate_to_sync_client_buckets_by_order_id":"finished","0009_remove_sync_client_buckets_table":"finished","0010_add_history_owner":"finished","0011_add_history_response_table":"finished","0012_add_user_data_table":"finished","0013_sanitize_request_response_and_history_methods":"finished","0014_sanitize_response_requestobject_rawmodedata":"finished","0015_add_favorited_collections_table":"finished","0016_add_permission_table":"finished","0017_add_user_preferences_table":"finished","0018_index_header_presets":"finished","0019_migrate_favorite_collections_data":"finished","0020_migrate_sync_client_revision":"finished","0021_clear_permissions":"finished","0022_add_workspace_header_presets":"finished","0023_remove_collection_permissions_and_shared":"finished","0024_add_console_timelines_table":"finished","0025_add_console_events_table":"finished","0026_index_console_events":"finished","0027_add_console_blob_table":"finished","0028_add_runner_data_table":"finished","0029_add_api_schema_table":"finished","0030_migrate_collection_runs":"finished","0031_add_api_relation_table":"finished","0032_index_workspacesession_editor":"finished","0033_add_editor_data_cache_table":"finished","0034_migrate_editor_data":"finished","0035_remove_editors_table":"finished","0036_add_auth_sessions_table":"finished","0037_add_list_cache_table":"finished","0038_add_cookies_table":"finished","0039_add_runtime_preferences_table":"finished","0040_index_cookies_table":"finished","0041_update_collections_folder_request_response_with_owner_and_uid":"finished","0042_migrate_runtime_user_preferences":"finished","0043_cleanup_launchpad_bootcamp":"finished","0044_migrate_tab_resource":"finished","0045_add_runtime_entity_settings_table":"finished","0046_migrate_responses_order":"finished","0047_update_api_relation_v2_table_indexes":"finished","0048_add_session_cookie_table":"finished","0049_migrate_data_from_file_to_https":"started"}]
[2707][1779400082087][requester][info]["Migrations: Starting migration","0050_add_usage_table"]
[2707][1779400082087][requester][info]["Migrations: Setting context before starting migration","0050_add_usage_table",{"0000_initial":"finished","0001_add_archived_resources_table":"finished","0002_add_variable_sessions_table":"finished","0003_add_editor_tables":"finished","0004_migrate_ws_session_data":"finished","0005_cleanup_request_response_and_history_body":"finished","0006_add_dbp_to_request_response_and_history":"finished","0007_add_sync_client_buckets_by_order_id_table":"finished","0008_migrate_to_sync_client_buckets_by_order_id":"finished","0009_remove_sync_client_buckets_table":"finished","0010_add_history_owner":"finished","0011_add_history_response_table":"finished","0012_add_user_data_table":"finished","0013_sanitize_request_response_and_history_methods":"finished","0014_sanitize_response_requestobject_rawmodedata":"finished","0015_add_favorited_collections_table":"finished","0016_add_permission_table":"finished","0017_add_user_preferences_table":"finished","0018_index_header_presets":"finished","0019_migrate_favorite_collections_data":"finished","0020_migrate_sync_client_revision":"finished","0021_clear_permissions":"finished","0022_add_workspace_header_presets":"finished","0023_remove_collection_permissions_and_shared":"finished","0024_add_console_timelines_table":"finished","0025_add_console_events_table":"finished","0026_index_console_events":"finished","0027_add_console_blob_table":"finished","0028_add_runner_data_table":"finished","0029_add_api_schema_table":"finished","0030_migrate_collection_runs":"finished","0031_add_api_relation_table":"finished","0032_index_workspacesession_editor":"finished","0033_add_editor_data_cache_table":"finished","0034_migrate_editor_data":"finished","0035_remove_editors_table":"finished","0036_add_auth_sessions_table":"finished","0037_add_list_cache_table":"finished","0038_add_cookies_table":"finished","0039_add_runtime_preferences_table":"finished","0040_index_cookies_table":"finished","0041_update_collections_folder_request_response_with_owner_and_uid":"finished","0042_migrate_runtime_user_preferences":"finished","0043_cleanup_launchpad_bootcamp":"finished","0044_migrate_tab_resource":"finished","0045_add_runtime_entity_settings_table":"finished","0046_migrate_responses_order":"finished","0047_update_api_relation_v2_table_indexes":"finished","0048_add_session_cookie_table":"finished","0049_migrate_data_from_file_to_https":"finished","0050_add_usage_table":"started"}]
[2707][1779400082088][requester][info]["Migrations: Applying migration","0050_add_usage_table"]
[2707][1779400082088][requester][info]["Migrations: Upgrading IndexedDB to version","0050_add_usage_table",31]
[2707][1779400082089][requester][info]["Migrations: Adding pending commit to queue","0050_add_usage_table"]
[2707][1779400082089][requester][info]["Migrations: Starting migration","0051_add_collection_usage_table"]
[2707][1779400082089][requester][info]["Migrations: Setting context before starting migration","0051_add_collection_usage_table",{"0000_initial":"finished","0001_add_archived_resources_table":"finished","0002_add_variable_sessions_table":"finished","0003_add_editor_tables":"finished","0004_migrate_ws_session_data":"finished","0005_cleanup_request_response_and_history_body":"finished","0006_add_dbp_to_request_response_and_history":"finished","0007_add_sync_client_buckets_by_order_id_table":"finished","0008_migrate_to_sync_client_buckets_by_order_id":"finished","0009_remove_sync_client_buckets_table":"finished","0010_add_history_owner":"finished","0011_add_history_response_table":"finished","0012_add_user_data_table":"finished","0013_sanitize_request_response_and_history_methods":"finished","0014_sanitize_response_requestobject_rawmodedata":"finished","0015_add_favorited_collections_table":"finished","0016_add_permission_table":"finished","0017_add_user_preferences_table":"finished","0018_index_header_presets":"finished","0019_migrate_favorite_collections_data":"finished","0020_migrate_sync_client_revision":"finished","0021_clear_permissions":"finished","0022_add_workspace_header_presets":"finished","0023_remove_collection_permissions_and_shared":"finished","0024_add_console_timelines_table":"finished","0025_add_console_events_table":"finished","0026_index_console_events":"finished","0027_add_console_blob_table":"finished","0028_add_runner_data_table":"finished","0029_add_api_schema_table":"finished","0030_migrate_collection_runs":"finished","0031_add_api_relation_table":"finished","0032_index_workspacesession_editor":"finished","0033_add_editor_data_cache_table":"finished","0034_migrate_editor_data":"finished","0035_remove_editors_table":"finished","0036_add_auth_sessions_table":"finished","0037_add_list_cache_table":"finished","0038_add_cookies_table":"finished","0039_add_runtime_preferences_table":"finished","0040_index_cookies_table":"finished","0041_update_collections_folder_request_response_with_owner_and_uid":"finished","0042_migrate_runtime_user_preferences":"finished","0043_cleanup_launchpad_bootcamp":"finished","0044_migrate_tab_resource":"finished","0045_add_runtime_entity_settings_table":"finished","0046_migrate_responses_order":"finished","0047_update_api_relation_v2_table_indexes":"finished","0048_add_session_cookie_table":"finished","0049_migrate_data_from_file_to_https":"finished","0050_add_usage_table":"started","0051_add_collection_usage_table":"started"}]
[2707][1779400082089][requester][info]["Migrations: Applying migration","0051_add_collection_usage_table"]
[2707][1779400082089][requester][info]["Migrations: Upgrading IndexedDB to version","0051_add_collection_usage_table",32]
[2707][1779400082093][requester][info]["Migrations: Adding pending commit to queue","0051_add_collection_usage_table"]
[2707][1779400082093][requester][info]["Migrations: Starting migration","0052_add_ecitem_history_table"]
[2707][1779400082093][requester][info]["Migrations: Setting context before starting migration","0052_add_ecitem_history_table",{"0000_initial":"finished","0001_add_archived_resources_table":"finished","0002_add_variable_sessions_table":"finished","0003_add_editor_tables":"finished","0004_migrate_ws_session_data":"finished","0005_cleanup_request_response_and_history_body":"finished","0006_add_dbp_to_request_response_and_history":"finished","0007_add_sync_client_buckets_by_order_id_table":"finished","0008_migrate_to_sync_client_buckets_by_order_id":"finished","0009_remove_sync_client_buckets_table":"finished","0010_add_history_owner":"finished","0011_add_history_response_table":"finished","0012_add_user_data_table":"finished","0013_sanitize_request_response_and_history_methods":"finished","0014_sanitize_response_requestobject_rawmodedata":"finished","0015_add_favorited_collections_table":"finished","0016_add_permission_table":"finished","0017_add_user_preferences_table":"finished","0018_index_header_presets":"finished","0019_migrate_favorite_collections_data":"finished","0020_migrate_sync_client_revision":"finished","0021_clear_permissions":"finished","0022_add_workspace_header_presets":"finished","0023_remove_collection_permissions_and_shared":"finished","0024_add_console_timelines_table":"finished","0025_add_console_events_table":"finished","0026_index_console_events":"finished","0027_add_console_blob_table":"finished","0028_add_runner_data_table":"finished","0029_add_api_schema_table":"finished","0030_migrate_collection_runs":"finished","0031_add_api_relation_table":"finished","0032_index_workspacesession_editor":"finished","0033_add_editor_data_cache_table":"finished","0034_migrate_editor_data":"finished","0035_remove_editors_table":"finished","0036_add_auth_sessions_table":"finished","0037_add_list_cache_table":"finished","0038_add_cookies_table":"finished","0039_add_runtime_preferences_table":"finished","0040_index_cookies_table":"finished","0041_update_collections_folder_request_response_with_owner_and_uid":"finished","0042_migrate_runtime_user_preferences":"finished","0043_cleanup_launchpad_bootcamp":"finished","0044_migrate_tab_resource":"finished","0045_add_runtime_entity_settings_table":"finished","0046_migrate_responses_order":"finished","0047_update_api_relation_v2_table_indexes":"finished","0048_add_session_cookie_table":"finished","0049_migrate_data_from_file_to_https":"finished","0050_add_usage_table":"started","0051_add_collection_usage_table":"started","0052_add_ecitem_history_table":"started"}]
[2707][1779400082094][requester][info]["Migrations: Applying migration","0052_add_ecitem_history_table"]
[2707][1779400082094][requester][info]["Migrations: Upgrading IndexedDB to version","0052_add_ecitem_history_table",33]
[2707][1779400082095][requester][info]["Migrations: Adding pending commit to queue","0052_add_ecitem_history_table"]
[2707][1779400082095][requester][info]["Migrations: Starting migration","0053_add_timestamp_runner_blob"]
[2707][1779400082095][requester][info]["Migrations: Setting context before starting migration","0053_add_timestamp_runner_blob",{"0000_initial":"finished","0001_add_archived_resources_table":"finished","0002_add_variable_sessions_table":"finished","0003_add_editor_tables":"finished","0004_migrate_ws_session_data":"finished","0005_cleanup_request_response_and_history_body":"finished","0006_add_dbp_to_request_response_and_history":"finished","0007_add_sync_client_buckets_by_order_id_table":"finished","0008_migrate_to_sync_client_buckets_by_order_id":"finished","0009_remove_sync_client_buckets_table":"finished","0010_add_history_owner":"finished","0011_add_history_response_table":"finished","0012_add_user_data_table":"finished","0013_sanitize_request_response_and_history_methods":"finished","0014_sanitize_response_requestobject_rawmodedata":"finished","0015_add_favorited_collections_table":"finished","0016_add_permission_table":"finished","0017_add_user_preferences_table":"finished","0018_index_header_presets":"finished","0019_migrate_favorite_collections_data":"finished","0020_migrate_sync_client_revision":"finished","0021_clear_permissions":"finished","0022_add_workspace_header_presets":"finished","0023_remove_collection_permissions_and_shared":"finished","0024_add_console_timelines_table":"finished","0025_add_console_events_table":"finished","0026_index_console_events":"finished","0027_add_console_blob_table":"finished","0028_add_runner_data_table":"finished","0029_add_api_schema_table":"finished","0030_migrate_collection_runs":"finished","0031_add_api_relation_table":"finished","0032_index_workspacesession_editor":"finished","0033_add_editor_data_cache_table":"finished","0034_migrate_editor_data":"finished","0035_remove_editors_table":"finished","0036_add_auth_sessions_table":"finished","0037_add_list_cache_table":"finished","0038_add_cookies_table":"finished","0039_add_runtime_preferences_table":"finished","0040_index_cookies_table":"finished","0041_update_collections_folder_request_response_with_owner_and_uid":"finished","0042_migrate_runtime_user_preferences":"finished","0043_cleanup_launchpad_bootcamp":"finished","0044_migrate_tab_resource":"finished","0045_add_runtime_entity_settings_table":"finished","0046_migrate_responses_order":"finished","0047_update_api_relation_v2_table_indexes":"finished","0048_add_session_cookie_table":"finished","0049_migrate_data_from_file_to_https":"finished","0050_add_usage_table":"started","0051_add_collection_usage_table":"started","0052_add_ecitem_history_table":"started","0053_add_timestamp_runner_blob":"started"}]
[2707][1779400082096][requester][info]["Migrations: Applying migration","0053_add_timestamp_runner_blob"]
[2707][1779400082096][requester][info]["Migrations: Upgrading IndexedDB to version","0053_add_timestamp_runner_blob",34]
[2707][1779400082097][requester][info]["Migrations: Adding pending commit to queue","0053_add_timestamp_runner_blob"]
[2707][1779400082097][requester][info]["Migrations: Starting migration","0054_encrypt_values_of_variable_sessions_table"]
[2707][1779400082097][requester][info]["Migrations: Flushing pending migrations for","0054_encrypt_values_of_variable_sessions_table"]
[2707][1779400082097][requester][info]["Migrations: Flushing pending commit for type","IndexeddbSchemaMigration"]
[2707][1779400082097][requester][info]["Migrations: Committing IndexedDB upgrade"]
[2707][1779400082114][requester][info]["Migrations: Updating status in migration context",{"0000_initial":"finished","0001_add_archived_resources_table":"finished","0002_add_variable_sessions_table":"finished","0003_add_editor_tables":"finished","0004_migrate_ws_session_data":"finished","0005_cleanup_request_response_and_history_body":"finished","0006_add_dbp_to_request_response_and_history":"finished","0007_add_sync_client_buckets_by_order_id_table":"finished","0008_migrate_to_sync_client_buckets_by_order_id":"finished","0009_remove_sync_client_buckets_table":"finished","0010_add_history_owner":"finished","0011_add_history_response_table":"finished","0012_add_user_data_table":"finished","0013_sanitize_request_response_and_history_methods":"finished","0014_sanitize_response_requestobject_rawmodedata":"finished","0015_add_favorited_collections_table":"finished","0016_add_permission_table":"finished","0017_add_user_preferences_table":"finished","0018_index_header_presets":"finished","0019_migrate_favorite_collections_data":"finished","0020_migrate_sync_client_revision":"finished","0021_clear_permissions":"finished","0022_add_workspace_header_presets":"finished","0023_remove_collection_permissions_and_shared":"finished","0024_add_console_timelines_table":"finished","0025_add_console_events_table":"finished","0026_index_console_events":"finished","0027_add_console_blob_table":"finished","0028_add_runner_data_table":"finished","0029_add_api_schema_table":"finished","0030_migrate_collection_runs":"finished","0031_add_api_relation_table":"finished","0032_index_workspacesession_editor":"finished","0033_add_editor_data_cache_table":"finished","0034_migrate_editor_data":"finished","0035_remove_editors_table":"finished","0036_add_auth_sessions_table":"finished","0037_add_list_cache_table":"finished","0038_add_cookies_table":"finished","0039_add_runtime_preferences_table":"finished","0040_index_cookies_table":"finished","0041_update_collections_folder_request_response_with_owner_and_uid":"finished","0042_migrate_runtime_user_preferences":"finished","0043_cleanup_launchpad_bootcamp":"finished","0044_migrate_tab_resource":"finished","0045_add_runtime_entity_settings_table":"finished","0046_migrate_responses_order":"finished","0047_update_api_relation_v2_table_indexes":"finished","0048_add_session_cookie_table":"finished","0049_migrate_data_from_file_to_https":"finished","0050_add_usage_table":"started","0051_add_collection_usage_table":"started","0052_add_ecitem_history_table":"started","0053_add_timestamp_runner_blob":"started"}]
[2707][1779400082116][requester][info]["Migrations: Updated status in migration context",{"0000_initial":"finished","0001_add_archived_resources_table":"finished","0002_add_variable_sessions_table":"finished","0003_add_editor_tables":"finished","0004_migrate_ws_session_data":"finished","0005_cleanup_request_response_and_history_body":"finished","0006_add_dbp_to_request_response_and_history":"finished","0007_add_sync_client_buckets_by_order_id_table":"finished","0008_migrate_to_sync_client_buckets_by_order_id":"finished","0009_remove_sync_client_buckets_table":"finished","0010_add_history_owner":"finished","0011_add_history_response_table":"finished","0012_add_user_data_table":"finished","0013_sanitize_request_response_and_history_methods":"finished","0014_sanitize_response_requestobject_rawmodedata":"finished","0015_add_favorited_collections_table":"finished","0016_add_permission_table":"finished","0017_add_user_preferences_table":"finished","0018_index_header_presets":"finished","0019_migrate_favorite_collections_data":"finished","0020_migrate_sync_client_revision":"finished","0021_clear_permissions":"finished","0022_add_workspace_header_presets":"finished","0023_remove_collection_permissions_and_shared":"finished","0024_add_console_timelines_table":"finished","0025_add_console_events_table":"finished","0026_index_console_events":"finished","0027_add_console_blob_table":"finished","0028_add_runner_data_table":"finished","0029_add_api_schema_table":"finished","0030_migrate_collection_runs":"finished","0031_add_api_relation_table":"finished","0032_index_workspacesession_editor":"finished","0033_add_editor_data_cache_table":"finished","0034_migrate_editor_data":"finished","0035_remove_editors_table":"finished","0036_add_auth_sessions_table":"finished","0037_add_list_cache_table":"finished","0038_add_cookies_table":"finished","0039_add_runtime_preferences_table":"finished","0040_index_cookies_table":"finished","0041_update_collections_folder_request_response_with_owner_and_uid":"finished","0042_migrate_runtime_user_preferences":"finished","0043_cleanup_launchpad_bootcamp":"finished","0044_migrate_tab_resource":"finished","0045_add_runtime_entity_settings_table":"finished","0046_migrate_responses_order":"finished","0047_update_api_relation_v2_table_indexes":"finished","0048_add_session_cookie_table":"finished","0049_migrate_data_from_file_to_https":"finished","0050_add_usage_table":"finished","0051_add_collection_usage_table":"finished","0052_add_ecitem_history_table":"finished","0053_add_timestamp_runner_blob":"finished"}]
[2707][1779400082116][requester][info]["Migrations: Setting context before starting migration","0054_encrypt_values_of_variable_sessions_table",{"0000_initial":"finished","0001_add_archived_resources_table":"finished","0002_add_variable_sessions_table":"finished","0003_add_editor_tables":"finished","0004_migrate_ws_session_data":"finished","0005_cleanup_request_response_and_history_body":"finished","0006_add_dbp_to_request_response_and_history":"finished","0007_add_sync_client_buckets_by_order_id_table":"finished","0008_migrate_to_sync_client_buckets_by_order_id":"finished","0009_remove_sync_client_buckets_table":"finished","0010_add_history_owner":"finished","0011_add_history_response_table":"finished","0012_add_user_data_table":"finished","0013_sanitize_request_response_and_history_methods":"finished","0014_sanitize_response_requestobject_rawmodedata":"finished","0015_add_favorited_collections_table":"finished","0016_add_permission_table":"finished","0017_add_user_preferences_table":"finished","0018_index_header_presets":"finished","0019_migrate_favorite_collections_data":"finished","0020_migrate_sync_client_revision":"finished","0021_clear_permissions":"finished","0022_add_workspace_header_presets":"finished","0023_remove_collection_permissions_and_shared":"finished","0024_add_console_timelines_table":"finished","0025_add_console_events_table":"finished","0026_index_console_events":"finished","0027_add_console_blob_table":"finished","0028_add_runner_data_table":"finished","0029_add_api_schema_table":"finished","0030_migrate_collection_runs":"finished","0031_add_api_relation_table":"finished","0032_index_workspacesession_editor":"finished","0033_add_editor_data_cache_table":"finished","0034_migrate_editor_data":"finished","0035_remove_editors_table":"finished","0036_add_auth_sessions_table":"finished","0037_add_list_cache_table":"finished","0038_add_cookies_table":"finished","0039_add_runtime_preferences_table":"finished","0040_index_cookies_table":"finished","0041_update_collections_folder_request_response_with_owner_and_uid":"finished","0042_migrate_runtime_user_preferences":"finished","0043_cleanup_launchpad_bootcamp":"finished","0044_migrate_tab_resource":"finished","0045_add_runtime_entity_settings_table":"finished","0046_migrate_responses_order":"finished","0047_update_api_relation_v2_table_indexes":"finished","0048_add_session_cookie_table":"finished","0049_migrate_data_from_file_to_https":"finished","0050_add_usage_table":"finished","0051_add_collection_usage_table":"finished","0052_add_ecitem_history_table":"finished","0053_add_timestamp_runner_blob":"finished","0054_encrypt_values_of_variable_sessions_table":"started"}]
[2707][1779400082116][requester][info]["Migrations: Applying migration","0054_encrypt_values_of_variable_sessions_table"]
[2707][1779400082116][requester][info]["Migrations: Processing IndexedDB data migration","0054_encrypt_values_of_variable_sessions_table"]
[2707][1779400082118][requester][info]["Migrations: Saving migration context after completion","0054_encrypt_values_of_variable_sessions_table",{"0000_initial":"finished","0001_add_archived_resources_table":"finished","0002_add_variable_sessions_table":"finished","0003_add_editor_tables":"finished","0004_migrate_ws_session_data":"finished","0005_cleanup_request_response_and_history_body":"finished","0006_add_dbp_to_request_response_and_history":"finished","0007_add_sync_client_buckets_by_order_id_table":"finished","0008_migrate_to_sync_client_buckets_by_order_id":"finished","0009_remove_sync_client_buckets_table":"finished","0010_add_history_owner":"finished","0011_add_history_response_table":"finished","0012_add_user_data_table":"finished","0013_sanitize_request_response_and_history_methods":"finished","0014_sanitize_response_requestobject_rawmodedata":"finished","0015_add_favorited_collections_table":"finished","0016_add_permission_table":"finished","0017_add_user_preferences_table":"finished","0018_index_header_presets":"finished","0019_migrate_favorite_collections_data":"finished","0020_migrate_sync_client_revision":"finished","0021_clear_permissions":"finished","0022_add_workspace_header_presets":"finished","0023_remove_collection_permissions_and_shared":"finished","0024_add_console_timelines_table":"finished","0025_add_console_events_table":"finished","0026_index_console_events":"finished","0027_add_console_blob_table":"finished","0028_add_runner_data_table":"finished","0029_add_api_schema_table":"finished","0030_migrate_collection_runs":"finished","0031_add_api_relation_table":"finished","0032_index_workspacesession_editor":"finished","0033_add_editor_data_cache_table":"finished","0034_migrate_editor_data":"finished","0035_remove_editors_table":"finished","0036_add_auth_sessions_table":"finished","0037_add_list_cache_table":"finished","0038_add_cookies_table":"finished","0039_add_runtime_preferences_table":"finished","0040_index_cookies_table":"finished","0041_update_collections_folder_request_response_with_owner_and_uid":"finished","0042_migrate_runtime_user_preferences":"finished","0043_cleanup_launchpad_bootcamp":"finished","0044_migrate_tab_resource":"finished","0045_add_runtime_entity_settings_table":"finished","0046_migrate_responses_order":"finished","0047_update_api_relation_v2_table_indexes":"finished","0048_add_session_cookie_table":"finished","0049_migrate_data_from_file_to_https":"finished","0050_add_usage_table":"finished","0051_add_collection_usage_table":"finished","0052_add_ecitem_history_table":"finished","0053_add_timestamp_runner_blob":"finished","0054_encrypt_values_of_variable_sessions_table":"started"}]
[2707][1779400082119][requester][info]["Migrations: Starting migration","0055_encrypt_buffers_of_editor_models_table"]
[2707][1779400082120][requester][info]["Migrations: Flushing pending migrations for","0055_encrypt_buffers_of_editor_models_table"]
[2707][1779400082120][requester][info]["Migrations: Updating status in migration context",{"0000_initial":"finished","0001_add_archived_resources_table":"finished","0002_add_variable_sessions_table":"finished","0003_add_editor_tables":"finished","0004_migrate_ws_session_data":"finished","0005_cleanup_request_response_and_history_body":"finished","0006_add_dbp_to_request_response_and_history":"finished","0007_add_sync_client_buckets_by_order_id_table":"finished","0008_migrate_to_sync_client_buckets_by_order_id":"finished","0009_remove_sync_client_buckets_table":"finished","0010_add_history_owner":"finished","0011_add_history_response_table":"finished","0012_add_user_data_table":"finished","0013_sanitize_request_response_and_history_methods":"finished","0014_sanitize_response_requestobject_rawmodedata":"finished","0015_add_favorited_collections_table":"finished","0016_add_permission_table":"finished","0017_add_user_preferences_table":"finished","0018_index_header_presets":"finished","0019_migrate_favorite_collections_data":"finished","0020_migrate_sync_client_revision":"finished","0021_clear_permissions":"finished","0022_add_workspace_header_presets":"finished","0023_remove_collection_permissions_and_shared":"finished","0024_add_console_timelines_table":"finished","0025_add_console_events_table":"finished","0026_index_console_events":"finished","0027_add_console_blob_table":"finished","0028_add_runner_data_table":"finished","0029_add_api_schema_table":"finished","0030_migrate_collection_runs":"finished","0031_add_api_relation_table":"finished","0032_index_workspacesession_editor":"finished","0033_add_editor_data_cache_table":"finished","0034_migrate_editor_data":"finished","0035_remove_editors_table":"finished","0036_add_auth_sessions_table":"finished","0037_add_list_cache_table":"finished","0038_add_cookies_table":"finished","0039_add_runtime_preferences_table":"finished","0040_index_cookies_table":"finished","0041_update_collections_folder_request_response_with_owner_and_uid":"finished","0042_migrate_runtime_user_preferences":"finished","0043_cleanup_launchpad_bootcamp":"finished","0044_migrate_tab_resource":"finished","0045_add_runtime_entity_settings_table":"finished","0046_migrate_responses_order":"finished","0047_update_api_relation_v2_table_indexes":"finished","0048_add_session_cookie_table":"finished","0049_migrate_data_from_file_to_https":"finished","0050_add_usage_table":"finished","0051_add_collection_usage_table":"finished","0052_add_ecitem_history_table":"finished","0053_add_timestamp_runner_blob":"finished","0054_encrypt_values_of_variable_sessions_table":"finished"}]
[2707][1779400082120][requester][info]["Migrations: Updated status in migration context",{"0000_initial":"finished","0001_add_archived_resources_table":"finished","0002_add_variable_sessions_table":"finished","0003_add_editor_tables":"finished","0004_migrate_ws_session_data":"finished","0005_cleanup_request_response_and_history_body":"finished","0006_add_dbp_to_request_response_and_history":"finished","0007_add_sync_client_buckets_by_order_id_table":"finished","0008_migrate_to_sync_client_buckets_by_order_id":"finished","0009_remove_sync_client_buckets_table":"finished","0010_add_history_owner":"finished","0011_add_history_response_table":"finished","0012_add_user_data_table":"finished","0013_sanitize_request_response_and_history_methods":"finished","0014_sanitize_response_requestobject_rawmodedata":"finished","0015_add_favorited_collections_table":"finished","0016_add_permission_table":"finished","0017_add_user_preferences_table":"finished","0018_index_header_presets":"finished","0019_migrate_favorite_collections_data":"finished","0020_migrate_sync_client_revision":"finished","0021_clear_permissions":"finished","0022_add_workspace_header_presets":"finished","0023_remove_collection_permissions_and_shared":"finished","0024_add_console_timelines_table":"finished","0025_add_console_events_table":"finished","0026_index_console_events":"finished","0027_add_console_blob_table":"finished","0028_add_runner_data_table":"finished","0029_add_api_schema_table":"finished","0030_migrate_collection_runs":"finished","0031_add_api_relation_table":"finished","0032_index_workspacesession_editor":"finished","0033_add_editor_data_cache_table":"finished","0034_migrate_editor_data":"finished","0035_remove_editors_table":"finished","0036_add_auth_sessions_table":"finished","0037_add_list_cache_table":"finished","0038_add_cookies_table":"finished","0039_add_runtime_preferences_table":"finished","0040_index_cookies_table":"finished","0041_update_collections_folder_request_response_with_owner_and_uid":"finished","0042_migrate_runtime_user_preferences":"finished","0043_cleanup_launchpad_bootcamp":"finished","0044_migrate_tab_resource":"finished","0045_add_runtime_entity_settings_table":"finished","0046_migrate_responses_order":"finished","0047_update_api_relation_v2_table_indexes":"finished","0048_add_session_cookie_table":"finished","0049_migrate_data_from_file_to_https":"finished","0050_add_usage_table":"finished","0051_add_collection_usage_table":"finished","0052_add_ecitem_history_table":"finished","0053_add_timestamp_runner_blob":"finished","0054_encrypt_values_of_variable_sessions_table":"finished"}]
[2707][1779400082121][requester][info]["Migrations: Setting context before starting migration","0055_encrypt_buffers_of_editor_models_table",{"0000_initial":"finished","0001_add_archived_resources_table":"finished","0002_add_variable_sessions_table":"finished","0003_add_editor_tables":"finished","0004_migrate_ws_session_data":"finished","0005_cleanup_request_response_and_history_body":"finished","0006_add_dbp_to_request_response_and_history":"finished","0007_add_sync_client_buckets_by_order_id_table":"finished","0008_migrate_to_sync_client_buckets_by_order_id":"finished","0009_remove_sync_client_buckets_table":"finished","0010_add_history_owner":"finished","0011_add_history_response_table":"finished","0012_add_user_data_table":"finished","0013_sanitize_request_response_and_history_methods":"finished","0014_sanitize_response_requestobject_rawmodedata":"finished","0015_add_favorited_collections_table":"finished","0016_add_permission_table":"finished","0017_add_user_preferences_table":"finished","0018_index_header_presets":"finished","0019_migrate_favorite_collections_data":"finished","0020_migrate_sync_client_revision":"finished","0021_clear_permissions":"finished","0022_add_workspace_header_presets":"finished","0023_remove_collection_permissions_and_shared":"finished","0024_add_console_timelines_table":"finished","0025_add_console_events_table":"finished","0026_index_console_events":"finished","0027_add_console_blob_table":"finished","0028_add_runner_data_table":"finished","0029_add_api_schema_table":"finished","0030_migrate_collection_runs":"finished","0031_add_api_relation_table":"finished","0032_index_workspacesession_editor":"finished","0033_add_editor_data_cache_table":"finished","0034_migrate_editor_data":"finished","0035_remove_editors_table":"finished","0036_add_auth_sessions_table":"finished","0037_add_list_cache_table":"finished","0038_add_cookies_table":"finished","0039_add_runtime_preferences_table":"finished","0040_index_cookies_table":"finished","0041_update_collections_folder_request_response_with_owner_and_uid":"finished","0042_migrate_runtime_user_preferences":"finished","0043_cleanup_launchpad_bootcamp":"finished","0044_migrate_tab_resource":"finished","0045_add_runtime_entity_settings_table":"finished","0046_migrate_responses_order":"finished","0047_update_api_relation_v2_table_indexes":"finished","0048_add_session_cookie_table":"finished","0049_migrate_data_from_file_to_https":"finished","0050_add_usage_table":"finished","0051_add_collection_usage_table":"finished","0052_add_ecitem_history_table":"finished","0053_add_timestamp_runner_blob":"finished","0054_encrypt_values_of_variable_sessions_table":"finished","0055_encrypt_buffers_of_editor_models_table":"started"}]
[2707][1779400082121][requester][info]["Migrations: Applying migration","0055_encrypt_buffers_of_editor_models_table"]
[2707][1779400082121][requester][info]["Migrations: Processing IndexedDB data migration","0055_encrypt_buffers_of_editor_models_table"]
[2707][1779400082125][requester][info]["Migrations: Saving migration context after completion","0055_encrypt_buffers_of_editor_models_table",{"0000_initial":"finished","0001_add_archived_resources_table":"finished","0002_add_variable_sessions_table":"finished","0003_add_editor_tables":"finished","0004_migrate_ws_session_data":"finished","0005_cleanup_request_response_and_history_body":"finished","0006_add_dbp_to_request_response_and_history":"finished","0007_add_sync_client_buckets_by_order_id_table":"finished","0008_migrate_to_sync_client_buckets_by_order_id":"finished","0009_remove_sync_client_buckets_table":"finished","0010_add_history_owner":"finished","0011_add_history_response_table":"finished","0012_add_user_data_table":"finished","0013_sanitize_request_response_and_history_methods":"finished","0014_sanitize_response_requestobject_rawmodedata":"finished","0015_add_favorited_collections_table":"finished","0016_add_permission_table":"finished","0017_add_user_preferences_table":"finished","0018_index_header_presets":"finished","0019_migrate_favorite_collections_data":"finished","0020_migrate_sync_client_revision":"finished","0021_clear_permissions":"finished","0022_add_workspace_header_presets":"finished","0023_remove_collection_permissions_and_shared":"finished","0024_add_console_timelines_table":"finished","0025_add_console_events_table":"finished","0026_index_console_events":"finished","0027_add_console_blob_table":"finished","0028_add_runner_data_table":"finished","0029_add_api_schema_table":"finished","0030_migrate_collection_runs":"finished","0031_add_api_relation_table":"finished","0032_index_workspacesession_editor":"finished","0033_add_editor_data_cache_table":"finished","0034_migrate_editor_data":"finished","0035_remove_editors_table":"finished","0036_add_auth_sessions_table":"finished","0037_add_list_cache_table":"finished","0038_add_cookies_table":"finished","0039_add_runtime_preferences_table":"finished","0040_index_cookies_table":"finished","0041_update_collections_folder_request_response_with_owner_and_uid":"finished","0042_migrate_runtime_user_preferences":"finished","0043_cleanup_launchpad_bootcamp":"finished","0044_migrate_tab_resource":"finished","0045_add_runtime_entity_settings_table":"finished","0046_migrate_responses_order":"finished","0047_update_api_relation_v2_table_indexes":"finished","0048_add_session_cookie_table":"finished","0049_migrate_data_from_file_to_https":"finished","0050_add_usage_table":"finished","0051_add_collection_usage_table":"finished","0052_add_ecitem_history_table":"finished","0053_add_timestamp_runner_blob":"finished","0054_encrypt_values_of_variable_sessions_table":"finished","0055_encrypt_buffers_of_editor_models_table":"started"}]
[2707][1779400082125][requester][info]["Migrations: Flushing pending commit steps"]
[2707][1779400082126][requester][info]["Migrations: Updating status in migration context",{"0000_initial":"finished","0001_add_archived_resources_table":"finished","0002_add_variable_sessions_table":"finished","0003_add_editor_tables":"finished","0004_migrate_ws_session_data":"finished","0005_cleanup_request_response_and_history_body":"finished","0006_add_dbp_to_request_response_and_history":"finished","0007_add_sync_client_buckets_by_order_id_table":"finished","0008_migrate_to_sync_client_buckets_by_order_id":"finished","0009_remove_sync_client_buckets_table":"finished","0010_add_history_owner":"finished","0011_add_history_response_table":"finished","0012_add_user_data_table":"finished","0013_sanitize_request_response_and_history_methods":"finished","0014_sanitize_response_requestobject_rawmodedata":"finished","0015_add_favorited_collections_table":"finished","0016_add_permission_table":"finished","0017_add_user_preferences_table":"finished","0018_index_header_presets":"finished","0019_migrate_favorite_collections_data":"finished","0020_migrate_sync_client_revision":"finished","0021_clear_permissions":"finished","0022_add_workspace_header_presets":"finished","0023_remove_collection_permissions_and_shared":"finished","0024_add_console_timelines_table":"finished","0025_add_console_events_table":"finished","0026_index_console_events":"finished","0027_add_console_blob_table":"finished","0028_add_runner_data_table":"finished","0029_add_api_schema_table":"finished","0030_migrate_collection_runs":"finished","0031_add_api_relation_table":"finished","0032_index_workspacesession_editor":"finished","0033_add_editor_data_cache_table":"finished","0034_migrate_editor_data":"finished","0035_remove_editors_table":"finished","0036_add_auth_sessions_table":"finished","0037_add_list_cache_table":"finished","0038_add_cookies_table":"finished","0039_add_runtime_preferences_table":"finished","0040_index_cookies_table":"finished","0041_update_collections_folder_request_response_with_owner_and_uid":"finished","0042_migrate_runtime_user_preferences":"finished","0043_cleanup_launchpad_bootcamp":"finished","0044_migrate_tab_resource":"finished","0045_add_runtime_entity_settings_table":"finished","0046_migrate_responses_order":"finished","0047_update_api_relation_v2_table_indexes":"finished","0048_add_session_cookie_table":"finished","0049_migrate_data_from_file_to_https":"finished","0050_add_usage_table":"finished","0051_add_collection_usage_table":"finished","0052_add_ecitem_history_table":"finished","0053_add_timestamp_runner_blob":"finished","0054_encrypt_values_of_variable_sessions_table":"finished","0055_encrypt_buffers_of_editor_models_table":"finished"}]
[2707][1779400082126][requester][info]["Migrations: Updated status in migration context",{"0000_initial":"finished","0001_add_archived_resources_table":"finished","0002_add_variable_sessions_table":"finished","0003_add_editor_tables":"finished","0004_migrate_ws_session_data":"finished","0005_cleanup_request_response_and_history_body":"finished","0006_add_dbp_to_request_response_and_history":"finished","0007_add_sync_client_buckets_by_order_id_table":"finished","0008_migrate_to_sync_client_buckets_by_order_id":"finished","0009_remove_sync_client_buckets_table":"finished","0010_add_history_owner":"finished","0011_add_history_response_table":"finished","0012_add_user_data_table":"finished","0013_sanitize_request_response_and_history_methods":"finished","0014_sanitize_response_requestobject_rawmodedata":"finished","0015_add_favorited_collections_table":"finished","0016_add_permission_table":"finished","0017_add_user_preferences_table":"finished","0018_index_header_presets":"finished","0019_migrate_favorite_collections_data":"finished","0020_migrate_sync_client_revision":"finished","0021_clear_permissions":"finished","0022_add_workspace_header_presets":"finished","0023_remove_collection_permissions_and_shared":"finished","0024_add_console_timelines_table":"finished","0025_add_console_events_table":"finished","0026_index_console_events":"finished","0027_add_console_blob_table":"finished","0028_add_runner_data_table":"finished","0029_add_api_schema_table":"finished","0030_migrate_collection_runs":"finished","0031_add_api_relation_table":"finished","0032_index_workspacesession_editor":"finished","0033_add_editor_data_cache_table":"finished","0034_migrate_editor_data":"finished","0035_remove_editors_table":"finished","0036_add_auth_sessions_table":"finished","0037_add_list_cache_table":"finished","0038_add_cookies_table":"finished","0039_add_runtime_preferences_table":"finished","0040_index_cookies_table":"finished","0041_update_collections_folder_request_response_with_owner_and_uid":"finished","0042_migrate_runtime_user_preferences":"finished","0043_cleanup_launchpad_bootcamp":"finished","0044_migrate_tab_resource":"finished","0045_add_runtime_entity_settings_table":"finished","0046_migrate_responses_order":"finished","0047_update_api_relation_v2_table_indexes":"finished","0048_add_session_cookie_table":"finished","0049_migrate_data_from_file_to_https":"finished","0050_add_usage_table":"finished","0051_add_collection_usage_table":"finished","0052_add_ecitem_history_table":"finished","0053_add_timestamp_runner_blob":"finished","0054_encrypt_values_of_variable_sessions_table":"finished","0055_encrypt_buffers_of_editor_models_table":"finished"}]
[2707][1779400082126][requester][info]["Migration: Finished all migrations"]
[2707][1779400082219][requester][info]["bootstrapModels - Success"]
[2707][1779400082220][requester][info]["WLModels~boot - Success"]
[2707][1779400082226][requester][info]["Session~boot - Success"]
[2707][1779400082228][requester][info]["IndependentServices~boot - Success"]
[2707][1779400082239][requester][info]["AppModels~boot - Success"]
[2707][1779400082256][requester][info]["initializeConfigurationsValues - Success"]
[2707][1779400082270][requester][warn]["RunnerInterface~cleanupRunner: Failed to clean runner:Invalid criteria.\nDetails:\n  Could not use the provided `where` clause.  Could not filter by `status`: Unrecognized modifier (`notIn`) within provided constraint for `status`.\n"]
[2707][1779400082311][requester][info]["CookiesBootHelper~Migration: Completed as there are no cookies to migrate."]
[2707][1779400082335][requester][info]["bootIndependentServicesShared: Success"]
[2707][1779400082336][requester][info]["performSingletonJobs: Success"]
[2707][1779400082473][requester][info]["ExtensibleCollections~boot - Success"]
[2707][1779400082487][requester][info]["Sync~boot - Success"]
[2707][1779400082497][requester][info]["PostUpdateBackup~init: Success"]
[2707][1779400082500][requester][info]["Shared~boot - Success"]
[2707][1779400082500][requester][info]["DBWatcher~boot - Success"]
[2707][1779400083749][requester][info]["ThemeManager~boot - Success"]
[2707][1779400083750][requester][info]["WorkbenchService~boot - Success"]
[2707][1779400083751][requester][info]["ContextBarRegistry~boot - Success"]
[2707][1779400083752][requester][info]["Store~boot - Success"]
[2707][1779400083753][requester][info]["Shortcuts~boot - Success"]
[2707][1779400083758][requester][info]["NewConsole~boot - Success"]
[2707][1779400083759][requester][info]["APIDevInterface~boot - Success"]
[2707][1779400083762][requester][info]["ScratchpadV2Service: Received settings change",false]
[2707][1779400083766][requester][info]["[AppUpdaterNotifier] Updater bailed! Running on Snap or MSI Installer!"]
[2707][1779400083775][requester][info]["Requester~boot - Success"]
[2707][1779400083777][requester][info]["SharedRuntimeListeners~boot - Success"]
[2707][1779400083778][requester][info]["booted - requester"]
[2707][1779400084038][requester][info]["NavigationService ~ [BROWSER] Transitioning io the initial route with the URL:","workspace/29ba1c6f-43ab-4e23-8a6c-27c39a57a069"]
[2707][1779400084162][requester][info]["CloudProxyHandler: Proxy configuration has not been setup"]
[2707][1779400084372][requester][info]["SessionValidation - Registering listener"]
[2707][1779400084380][requester][info]["SwitchUserToOfflineAPIClientModal~ showCloseButton ~ isAppEnterpriseApplication",false]
[2707][1779400084384][requester][info]["SwitchUserToOfflineAPIClientModal: SwitchUserToOfflineAPIClientModal mounted"]
[2707][1779400084384][requester][info]["SwitchUserToOfflineAPIClientModal: activePage",""]
[2707][1779400084505][requester][info]["UI pulled the session locked information on init"]
[2707][1779400084543][requester][info]["SwitchUserToOfflineAPIClientModal~ showCloseButton ~ isAppEnterpriseApplication",false]
[2707][1779400084769][requester][info]["ScratchpadV2Service: upgradeScratchpadUsersToApiClient called"]
[2707][1779400084844][requester][info]["SwitchUserToOfflineAPIClientModal~ showCloseButton ~ isAppEnterpriseApplication",false]
[2707][1779400085781][requester][info]["ScratchpadV2Service: upgradeScratchpadUsersToApiClient: collectionCount",0]
[2707][1779400085781][requester][info]["ScratchpadV2Service: upgradeScratchpadUsersToApiClient: environmentCount",0]
[2707][1779400085781][requester][info]["ScratchpadV2Service: upgradeScratchpadUsersToApiClient: isCollectionOrEnvironmentPresent",false]
[2707][1779400085781][requester][info]["ScratchpadV2Service: user is on v1"]
[2707][1779400085782][requester][info]["SwitchUserToOfflineAPIClientModal~ showCloseButton ~ isAppEnterpriseApplication",false]
[2707][1779400085809][requester][info]["SwitchUsertoOfflineAPIClientModal~handleThemeChange : currentTheme","light"]
[2707][1779400085812][requester][info]["SwitchUserToOfflineAPIClientModal~ showCloseButton ~ isAppEnterpriseApplication",false]
[2707][1779400086001][requester][error]["TemplateListService~getTemplatesList: Error fetching collection templates list",{"name":"TypeError","message":"Failed to fetch","stack":"TypeError: Failed to fetch\n    at file:///snap/postman/360/usr/share/postman/resources/app/js/scratchpad/scratchpad.js:1191:859611\n    at t.default.request (file:///snap/postman/360/usr/share/postman/resources/app/js/scratchpad/scratchpad.js:8:4695729)\n    at i (file:///snap/postman/360/usr/share/postman/resources/app/js/scratchpad/scratchpad.js:1137:1077312)\n    at v.<anonymous> (file:///snap/postman/360/usr/share/postman/resources/app/js/scratchpad/scratchpad.js:1137:1076786)\n    at K (file:///snap/postman/360/usr/share/postman/resources/app/js/scratchpad/scratchpad.js:2:2035459)\n    at v.n (file:///snap/postman/360/usr/share/postman/resources/app/js/scratchpad/scratchpad.js:2:2035240)\n    at new <anonymous> (file:///snap/postman/360/usr/share/postman/resources/app/js/scratchpad/scratchpad.js:1137:970616)\n    at ko (file:///snap/postman/360/usr/share/postman/resources/app/js/scratchpad/scratchpad.js:2:58405)\n    at za (file:///snap/postman/360/usr/share/postman/resources/app/js/scratchpad/scratchpad.js:2:75816)\n    at Ts (file:///snap/postman/360/usr/share/postman/resources/app/js/scratchpad/scratchpad.js:2:113922)\n    at Cl (file:///snap/postman/360/usr/share/postman/resources/app/js/scratchpad/scratchpad.js:2:105404)\n    at kl (file:///snap/postman/360/usr/share/postman/resources/app/js/scratchpad/scratchpad.js:2:105329)\n    at gl (file:///snap/postman/360/usr/share/postman/resources/app/js/scratchpad/scratchpad.js:2:102362)\n    at file:///snap/postman/360/usr/share/postman/resources/app/js/scratchpad/scratchpad.js:2:54063\n    at t.unstable_runWithPriority (file:///snap/postman/360/usr/share/postman/resources/app/js/scratchpad/scratchpad.js:2:128983)\n    at Gi (file:///snap/postman/360/usr/share/postman/resources/app/js/scratchpad/scratchpad.js:2:53772)\n    at $i (file:///snap/postman/360/usr/share/postman/resources/app/js/scratchpad/scratchpad.js:2:54008)\n    at Ki (file:///snap/postman/360/usr/share/postman/resources/app/js/scratchpad/scratchpad.js:2:53943)\n    at dl (file:///snap/postman/360/usr/share/postman/resources/app/js/scratchpad/scratchpad.js:2:99128)\n    at Object.enqueueSetState (file:///snap/postman/360/usr/share/postman/resources/app/js/scratchpad/scratchpad.js:2:57728)\n    at E.setState (file:///snap/postman/360/usr/share/postman/resources/app/js/scratchpad/scratchpad.js:2:2482)\n    at t (file:///snap/postman/360/usr/share/postman/resources/app/js/scratchpad/scratchpad.js:1142:710798)\n    at file:///snap/postman/360/usr/share/postman/resources/app/js/scratchpad/scratchpad.js:1142:710906"}]
